-- phpMyAdmin SQL Dump
-- version 4.1.12
-- http://www.phpmyadmin.net
--
-- Host: 127.0.0.1
-- Generation Time: Feb 06, 2017 at 05:12 AM
-- Server version: 5.6.16
-- PHP Version: 5.5.11

SET SQL_MODE = "NO_AUTO_VALUE_ON_ZERO";
SET time_zone = "+00:00";


/*!40101 SET @OLD_CHARACTER_SET_CLIENT=@@CHARACTER_SET_CLIENT */;
/*!40101 SET @OLD_CHARACTER_SET_RESULTS=@@CHARACTER_SET_RESULTS */;
/*!40101 SET @OLD_COLLATION_CONNECTION=@@COLLATION_CONNECTION */;
/*!40101 SET NAMES utf8 */;

--
-- Database: `dblibsys`
--

-- --------------------------------------------------------

--
-- Table structure for table `haha`
--

CREATE TABLE IF NOT EXISTS `haha` (
  `fname` varchar(50) DEFAULT NULL,
  `lname` varchar(50) DEFAULT NULL
) ENGINE=InnoDB DEFAULT CHARSET=latin1;

-- --------------------------------------------------------

--
-- Table structure for table `hahax`
--

CREATE TABLE IF NOT EXISTS `hahax` (
  `id` int(11) DEFAULT NULL,
  `author` varchar(100) DEFAULT NULL
) ENGINE=InnoDB DEFAULT CHARSET=latin1;

-- --------------------------------------------------------

--
-- Table structure for table `tb_accounts`
--

CREATE TABLE IF NOT EXISTS `tb_accounts` (
  `accntID` int(11) NOT NULL AUTO_INCREMENT,
  `UserID` varchar(250) NOT NULL,
  `UserType` varchar(20) NOT NULL,
  `Password` varchar(100) NOT NULL,
  PRIMARY KEY (`accntID`)
) ENGINE=InnoDB  DEFAULT CHARSET=latin1 AUTO_INCREMENT=80 ;

--
-- Dumping data for table `tb_accounts`
--

INSERT INTO `tb_accounts` (`accntID`, `UserID`, `UserType`, `Password`) VALUES
(32, 'UDMLib-20170001', 'tb_users', 'UDMLib-20170001'),
(33, 'UDMStu-20170001', 'tb_borrower', 'UDMStu-20170001'),
(34, 'UDMLib-20170002', 'tb_users', 'UDMLib-20170002'),
(35, 'UDMStu-20170002', 'tb_borrower', 'UDMStu-20170002'),
(36, 'UDMLib-20170003', 'tb_users', 'UDMLib-20170003'),
(37, 'UDMLib-20170004', 'tb_users', 'UDMLib-20170004'),
(38, 'UDMLib-20170005', 'tb_users', 'UDMLib-20170005'),
(39, 'UDMLib-20170006', 'tb_users', 'UDMLib-20170006'),
(40, 'UDMLib-20170007', 'tb_users', 'UDMLib-20170007'),
(41, 'UDMLib-20170008', 'tb_users', 'UDMLib-20170008'),
(42, 'UDMStu-20170003', 'tb_borrower', 'UDMStu-20170003'),
(43, 'UDMLib-20170009', 'tb_users', 'UDMLib-20170009'),
(44, 'UDMStu-20170004', 'tb_borrower', 'UDMStu-20170004'),
(45, 'UDMFac-20170001', 'tb_borrower', 'UDMFac-20170001'),
(46, 'UDMStu-20170005', 'tb_borrower', 'UDMStu-20170005'),
(47, 'UDMStu-20170006', 'tb_borrower', 'UDMStu-20170006'),
(48, 'UDMStu-20170007', 'tb_borrower', 'UDMStu-20170007'),
(49, 'UDMStu-20170008', 'tb_borrower', 'UDMStu-20170008'),
(50, 'UDMStu-20170009', 'tb_borrower', 'UDMStu-20170009'),
(51, 'UDMLib-20170010', 'tb_users', 'UDMLib-20170010'),
(52, 'UDMStu-20170010', 'tb_borrower', 'UDMStu-20170010'),
(53, 'UDMStu-20170011', 'tb_borrower', 'UDMStu-20170011'),
(54, 'UDMStu-20170012', 'tb_borrower', 'UDMStu-20170012'),
(55, 'UDMLib-20170011', 'tb_users', 'UDMLib-20170011'),
(56, 'UDMStu-20170013', 'tb_borrower', 'UDMStu-20170013'),
(57, 'UDMLib-20170012', 'tb_users', 'UDMLib-20170012'),
(58, 'UDMStu-20170011', 'tb_borrower', 'UDMStu-20170011'),
(59, 'UDMStu-20170011', 'tb_borrower', 'UDMStu-20170011'),
(60, 'UDMStu-20170011', 'tb_borrower', 'UDMStu-20170011'),
(61, 'UDMStu-20170011', 'tb_borrower', 'UDMStu-20170011'),
(62, 'UDMStu-20170011', 'tb_borrower', 'UDMStu-20170011'),
(63, 'UDMStu-20170012', 'tb_borrower', 'UDMStu-20170012'),
(64, 'UDMLib-20170013', 'tb_users', 'UDMLib-20170013'),
(65, 'UDMStu-20170013', 'tb_borrower', 'UDMStu-20170013'),
(66, 'UDMFac-20170002', 'tb_borrower', 'UDMFac-20170002'),
(67, 'UDMFac-20170003', 'tb_borrower', 'UDMFac-20170003'),
(68, 'UDMStu-20170014', 'tb_borrower', 'UDMStu-20170014'),
(69, 'UDMLib-20170014', 'tb_users', 'UDMLib-20170014'),
(70, 'UDMStu-20170015', 'tb_borrower', 'UDMStu-20170015'),
(71, 'UDMLib-20170015', 'tb_users', 'UDMLib-20170015'),
(72, 'UDMStu-20170016', 'tb_borrower', 'UDMStu-20170016'),
(73, 'UDMFac-20170004', 'tb_borrower', 'UDMFac-20170004'),
(74, 'UDMStu-20170017', 'tb_borrower', 'UDMStu-20170017'),
(75, 'UDMFac-20170005', 'tb_borrower', 'UDMFac-20170005'),
(76, 'UDMStu-20170018', 'tb_borrower', 'UDMStu-20170018'),
(77, 'UDMFac-20170006', 'tb_borrower', 'UDMFac-20170006'),
(78, 'UDMFac-20170007', 'tb_borrower', 'UDMFac-20170007'),
(79, '000-20170001', 'tb_users', '000-20170001');

-- --------------------------------------------------------

--
-- Table structure for table `tb_acquisition`
--

CREATE TABLE IF NOT EXISTS `tb_acquisition` (
  `AcquisitionId` int(11) NOT NULL AUTO_INCREMENT,
  `Barcode` varchar(250) NOT NULL,
  `Title` varchar(250) NOT NULL,
  `Author` varchar(250) NOT NULL,
  `Lastname` varchar(250) NOT NULL,
  `First` varchar(250) NOT NULL,
  `CopyRight` varchar(250) NOT NULL,
  `Edition` varchar(250) NOT NULL,
  `CallNo` varchar(250) NOT NULL,
  `AcquisitionMet` varchar(250) NOT NULL,
  `NoOfCopies` int(11) NOT NULL,
  `Price` float NOT NULL,
  `Publisher` varchar(100) NOT NULL,
  `Category` varchar(100) NOT NULL,
  `AccessionNum` varchar(250) NOT NULL,
  `Series` varchar(250) NOT NULL,
  `Volume` varchar(250) NOT NULL,
  `Placeofpub` varchar(250) NOT NULL,
  `Mater` varchar(250) NOT NULL,
  `Notearea` varchar(250) NOT NULL,
  `location` varchar(250) NOT NULL,
  PRIMARY KEY (`AcquisitionId`)
) ENGINE=InnoDB  DEFAULT CHARSET=utf8 AUTO_INCREMENT=12 ;

--
-- Dumping data for table `tb_acquisition`
--

INSERT INTO `tb_acquisition` (`AcquisitionId`, `Barcode`, `Title`, `Author`, `Lastname`, `First`, `CopyRight`, `Edition`, `CallNo`, `AcquisitionMet`, `NoOfCopies`, `Price`, `Publisher`, `Category`, `AccessionNum`, `Series`, `Volume`, `Placeofpub`, `Mater`, `Notearea`, `location`) VALUES
(8, 'nO-bc-5016', 'Computer Book', 'Albert', 'Cruz', '', '2017', '1', '01010101', 'Donate', 3, 1, 'Mike', 'Science', '10001', '1', '1', 'Recto', 'None', 'None', ''),
(9, 'nO-bc-7960', 'Logic', 'John', 'Carter', '', '2015', '1', '11110000111', 'Donate', 4, 1, 'King', 'Philosophy', '10002', '1', '1', 'Manila', 'None', 'None', ''),
(10, 'nO-bc-5686', 'Hitler The Great', 'Sia', 'Margaret', '', '2012', '1', '11111000001111', 'Donate', 2, 1, 'Kristop', 'History', '10003', '1', '1', 'Makati', 'None', 'None', ''),
(11, 'nO-bc-2868', 'Harry Potter', 'Kim', 'Chell', '', '2014', '1', '111100001111111', 'Donate', 2, 1, 'Mike', 'Comedy', '10004', '1', '1', 'Makati', 'None', 'None', 'Filipiniana Section');

-- --------------------------------------------------------

--
-- Table structure for table `tb_alumni`
--

CREATE TABLE IF NOT EXISTS `tb_alumni` (
  `BorrowerID` int(11) NOT NULL AUTO_INCREMENT,
  `UserID` varchar(250) NOT NULL,
  `FirstName` varchar(250) NOT NULL,
  `LastName` varchar(250) NOT NULL,
  `middilename` varchar(250) NOT NULL,
  `password` varchar(250) NOT NULL,
  `BorrowerType` varchar(250) NOT NULL,
  PRIMARY KEY (`BorrowerID`)
) ENGINE=InnoDB DEFAULT CHARSET=latin1 AUTO_INCREMENT=1 ;

-- --------------------------------------------------------

--
-- Table structure for table `tb_audittrail`
--

CREATE TABLE IF NOT EXISTS `tb_audittrail` (
  `logid` int(11) NOT NULL AUTO_INCREMENT,
  `userid` varchar(20) NOT NULL,
  `day` date NOT NULL,
  `login` time NOT NULL,
  PRIMARY KEY (`logid`)
) ENGINE=InnoDB  DEFAULT CHARSET=latin1 AUTO_INCREMENT=84 ;

--
-- Dumping data for table `tb_audittrail`
--

INSERT INTO `tb_audittrail` (`logid`, `userid`, `day`, `login`) VALUES
(1, 'UDMLib-20170001', '2017-01-19', '15:16:59'),
(2, 'UDMLib-20170001', '2017-01-19', '15:43:29'),
(3, 'UDMLib-20170001', '2017-01-19', '16:35:29'),
(4, 'UDMStu-20170001', '2017-01-19', '16:36:07'),
(5, 'UDMLib-20170001', '2017-01-19', '16:50:32'),
(6, 'UDMLib-20170001', '2017-01-21', '04:14:23'),
(7, 'UDMLib-20170001', '2017-01-24', '12:29:45'),
(8, 'UDMStu-20170001', '2017-01-24', '13:00:41'),
(9, 'UDMLib-20170001', '2017-01-24', '13:03:06'),
(10, 'UDMLib-20170001', '2017-01-25', '01:13:27'),
(11, 'UDMLib-20170001', '2017-01-25', '01:34:48'),
(12, 'UDMLib-20170001', '2017-01-25', '01:38:15'),
(13, 'UDMLib-20170001', '2017-01-25', '01:39:29'),
(14, 'UDMLib-20170001', '2017-01-25', '02:29:39'),
(15, 'UDMLib-20170001', '2017-01-25', '02:40:46'),
(16, 'UDMLib-20170001', '2017-01-25', '03:41:20'),
(17, 'UDMLib-20170001', '2017-01-25', '12:36:17'),
(18, 'UDMLib-20170001', '2017-01-25', '13:42:24'),
(19, 'UDMLib-20170001', '2017-01-25', '13:42:28'),
(20, 'UDMLib-20170001', '2017-01-26', '12:15:27'),
(21, 'UDMLib-20170001', '2017-01-27', '02:32:17'),
(22, 'UDMLib-20170001', '2017-01-27', '03:32:51'),
(23, 'UDMLib-20170001', '2017-01-27', '03:47:28'),
(24, 'UDMLib-20170001', '2017-01-27', '04:50:03'),
(25, 'UDMLib-20170001', '2017-01-27', '12:06:06'),
(26, 'UDMLib-20170001', '2017-02-01', '12:06:13'),
(27, 'UDMLib-20170001', '2017-02-01', '13:28:05'),
(28, 'UDMStu-20170003', '2017-02-01', '13:36:48'),
(29, 'UDMStu-20170003', '2017-02-01', '13:48:00'),
(30, 'UDMLib-20170001', '2017-02-01', '13:54:23'),
(31, 'UDMStu-20170003', '2017-02-01', '14:18:28'),
(32, 'UDMStu-20170003', '2017-02-01', '14:49:26'),
(33, 'UDMLib-20170001', '2017-02-02', '02:37:18'),
(34, 'UDMStu-20170003', '2017-02-02', '02:50:03'),
(35, 'UDMStu-20170003', '2017-02-02', '03:08:33'),
(36, 'UDMLib-20170001', '2017-02-02', '03:37:54'),
(37, 'UDMStu-20170003', '2017-02-02', '04:42:02'),
(38, 'UDMLib-20170001', '2017-02-02', '04:44:57'),
(39, 'UDMStu-20170003', '2017-02-02', '05:34:22'),
(40, 'UDMStu-20170003', '2017-02-02', '05:55:09'),
(41, 'UDMLib-20170001', '2017-02-02', '08:15:30'),
(42, 'UDMStu-20170006', '2017-02-02', '08:53:56'),
(43, 'UDMLib-20170001', '2017-02-02', '12:36:35'),
(44, '2017002', '2017-02-02', '12:59:41'),
(45, 'UDMStu-20170002', '2017-02-02', '13:15:48'),
(46, 'UDMLib-20170001', '2017-02-02', '13:44:20'),
(47, 'UDMLib-20170001', '2017-02-02', '21:36:28'),
(48, 'UDMLib-20170001', '2017-02-06', '21:45:34'),
(49, 'UDMLib-20170001', '2017-02-08', '21:47:48'),
(50, 'UDMLib-20170001', '2017-02-13', '21:51:07'),
(51, 'UDMLib-20170001', '2017-02-15', '21:52:07'),
(52, 'UDMLib-20170001', '2017-02-17', '21:53:36'),
(53, 'UDMLib-20170001', '2017-02-18', '11:33:07'),
(54, 'UDMLib-20170001', '2017-02-03', '11:39:54'),
(55, 'UDMLib-20170001', '2017-02-03', '23:27:56'),
(56, 'UDMLib-20170001', '2017-02-04', '11:45:04'),
(57, 'UDMLib-20170001', '2017-02-04', '12:11:34'),
(58, 'UDMLib-20170001', '2017-02-05', '10:39:46'),
(59, 'UDMLib-20170001', '2017-02-05', '11:40:36'),
(60, 'UDMLib-20170001', '2017-02-05', '11:59:17'),
(61, 'UDMLib-20170001', '2017-02-05', '12:59:43'),
(62, 'UDMLib-20170001', '2017-02-05', '14:49:08'),
(63, 'UDMLib-20170001', '2017-02-05', '15:41:33'),
(64, 'UDMLib-20170001', '2017-02-05', '16:42:09'),
(65, 'UDMLib-20170001', '2017-02-05', '17:29:44'),
(66, 'UDMLib-20170001', '2017-02-05', '17:49:18'),
(67, 'UDMLib-20170001', '2017-02-05', '17:53:40'),
(68, 'UDMLib-20170001', '2017-02-05', '17:55:12'),
(69, 'UDMLib-20170001', '2017-02-05', '19:00:13'),
(70, 'UDMLib-20170001', '2017-02-05', '19:18:00'),
(71, 'UDMLib-20170001', '2017-02-05', '19:41:26'),
(72, 'UDMStu-20170002', '2017-02-06', '08:04:27'),
(73, 'UDMLib-20170001', '2017-02-06', '08:12:37'),
(74, 'UDMStu-20170002', '2017-02-06', '08:14:39'),
(75, 'UDMLib-20170001', '2017-02-06', '08:18:17'),
(76, 'UDMStu-20170002', '2017-02-06', '08:20:03'),
(77, 'UDMLib-20170001', '2017-02-06', '08:22:10'),
(78, 'UDMStu-20170002', '2017-02-06', '08:23:06'),
(79, 'UDMLib-20170001', '2017-02-06', '08:27:03'),
(80, 'UDMLib-20170001', '2017-02-06', '11:50:26'),
(81, 'UDMStu-20170001', '2017-02-06', '12:06:55'),
(82, 'UDMLib-20170001', '2017-02-06', '12:08:11'),
(83, 'UDMStu-20170001', '2017-02-06', '12:08:52');

-- --------------------------------------------------------

--
-- Table structure for table `tb_book`
--

CREATE TABLE IF NOT EXISTS `tb_book` (
  `ID` int(11) NOT NULL AUTO_INCREMENT,
  `AcquisitionId` int(11) NOT NULL,
  `ISBN` varchar(250) NOT NULL,
  `DateBookAdded` varchar(30) NOT NULL,
  `ArchivedDateExt` varchar(30) NOT NULL,
  `SubAuthors` varchar(250) NOT NULL,
  `Description` varchar(250) NOT NULL,
  `Status` varchar(50) NOT NULL,
  PRIMARY KEY (`ID`)
) ENGINE=InnoDB  DEFAULT CHARSET=utf8 AUTO_INCREMENT=24 ;

--
-- Dumping data for table `tb_book`
--

INSERT INTO `tb_book` (`ID`, `AcquisitionId`, `ISBN`, `DateBookAdded`, `ArchivedDateExt`, `SubAuthors`, `Description`, `Status`) VALUES
(13, 8, '11111000111', '2017-02-01', '2022-02-01', '', 'Internet', 'On Loan'),
(14, 8, '11111000111', '2017-02-01', '2022-02-01', '', 'Internet', 'Available'),
(15, 8, '11111000111', '2017-02-01', '2022-02-01', '', 'Internet', 'Available'),
(16, 9, '111111000111', '2017-02-01', '2022-02-01', '', 'Philo', 'Available'),
(17, 9, '111111000111', '2017-02-01', '2022-02-01', '', 'Philo', 'Available'),
(18, 9, '111111000111', '2017-02-01', '2022-02-01', '', 'Philo', 'Available'),
(19, 9, '111111000111', '2017-02-01', '2022-02-01', '', 'Philo', 'Available'),
(20, 10, '11111000011', '2017-02-01', '2022-02-01', '', 'Greatness of Hitler', 'Available'),
(21, 10, '11111000011', '2017-02-01', '2022-02-01', '', 'Greatness of Hitler', 'Available'),
(22, 11, '111100001111101', '2017-02-02', '2022-02-02', '', 'Harry and Friends', 'Available'),
(23, 11, '111100001111101', '2017-02-02', '2022-02-02', '', 'Harry and Friends', 'Available');

-- --------------------------------------------------------

--
-- Table structure for table `tb_borrowandreturn`
--

CREATE TABLE IF NOT EXISTS `tb_borrowandreturn` (
  `BorrowingReturningID` int(11) NOT NULL AUTO_INCREMENT,
  `BorrowerID` int(11) NOT NULL,
  `AccessionID` int(11) NOT NULL,
  `DateBorrowed` date NOT NULL,
  `DateToReturn` date NOT NULL,
  `trans` int(11) NOT NULL,
  `ActualDateReturned` date NOT NULL,
  `Penalty` int(11) NOT NULL,
  `transReturn` int(11) NOT NULL,
  `lostdamage` int(11) NOT NULL,
  PRIMARY KEY (`BorrowingReturningID`)
) ENGINE=InnoDB  DEFAULT CHARSET=utf8 AUTO_INCREMENT=31 ;

--
-- Dumping data for table `tb_borrowandreturn`
--

INSERT INTO `tb_borrowandreturn` (`BorrowingReturningID`, `BorrowerID`, `AccessionID`, `DateBorrowed`, `DateToReturn`, `trans`, `ActualDateReturned`, `Penalty`, `transReturn`, `lostdamage`) VALUES
(5, 3, 13, '2017-02-01', '2017-02-03', 23, '2017-02-01', 0, 26, 0),
(6, 3, 16, '2017-02-01', '2017-02-03', 24, '2017-02-01', 0, 26, 0),
(7, 3, 20, '2017-02-01', '2017-02-03', 25, '2017-02-01', 0, 26, 0),
(8, 3, 13, '2017-02-01', '2017-02-03', 27, '2017-02-01', 0, 31, 0),
(9, 3, 15, '2017-02-01', '2017-02-03', 28, '2017-02-01', 0, 31, 0),
(10, 3, 16, '2017-02-01', '2017-02-03', 29, '2017-02-01', 0, 31, 0),
(11, 3, 17, '2017-02-01', '2017-02-03', 30, '2017-02-01', 0, 31, 0),
(12, 3, 13, '2017-02-01', '2017-02-03', 32, '2017-02-01', 0, 36, 0),
(13, 3, 16, '2017-02-01', '2017-02-03', 33, '2017-02-01', 0, 36, 0),
(14, 3, 19, '2017-02-01', '2017-02-03', 34, '2017-02-01', 0, 36, 0),
(15, 3, 20, '2017-02-01', '2017-02-03', 35, '2017-02-01', 0, 36, 0),
(16, 3, 13, '2017-02-01', '2017-02-03', 37, '2017-02-01', 0, 38, 0),
(17, 2, 13, '2017-02-02', '2017-02-03', 39, '2017-02-02', 0, 40, 0),
(18, 2, 14, '2017-02-02', '2017-02-03', 39, '2017-02-02', 0, 40, 0),
(19, 2, 13, '2017-02-02', '2017-02-03', 41, '2017-02-08', 25, 43, 0),
(20, 2, 22, '2017-02-02', '2017-02-03', 42, '2017-02-08', 25, 43, 0),
(21, 5, 22, '2017-02-08', '2017-02-09', 44, '2017-02-05', 0, 46, 0),
(22, 5, 13, '2017-02-08', '2017-02-09', 45, '0000-00-00', 0, 0, 0),
(23, 2, 18, '2017-02-06', '2017-02-08', 47, '2017-02-06', 0, 51, 0),
(24, 2, 19, '2017-02-06', '2017-02-08', 48, '2017-02-06', 0, 51, 0),
(25, 2, 20, '2017-02-06', '2017-02-08', 49, '2017-02-06', 0, 51, 0),
(26, 2, 22, '2017-02-06', '2017-02-08', 50, '2017-02-06', 0, 51, 0),
(27, 2, 14, '2017-02-06', '2017-02-08', 52, '2017-02-06', 0, 56, 0),
(28, 2, 16, '2017-02-06', '2017-02-08', 53, '2017-02-06', 0, 57, 0),
(29, 2, 20, '2017-02-06', '2017-02-08', 54, '2017-02-06', 0, 56, 0),
(30, 2, 22, '2017-02-06', '2017-02-08', 55, '2017-02-06', 0, 56, 0);

-- --------------------------------------------------------

--
-- Table structure for table `tb_borrower`
--

CREATE TABLE IF NOT EXISTS `tb_borrower` (
  `BorrowerID` int(11) NOT NULL AUTO_INCREMENT,
  `UserID` varchar(250) NOT NULL,
  `FirstName` varchar(250) NOT NULL,
  `LastName` varchar(250) NOT NULL,
  `BorrowerType` varchar(250) NOT NULL,
  `BookOnHand` int(250) NOT NULL,
  `Active` int(11) NOT NULL,
  `Address` varchar(150) NOT NULL,
  `Password` varchar(250) NOT NULL,
  `middilename` varchar(250) NOT NULL,
  `colleges` varchar(250) NOT NULL,
  `course` varchar(250) NOT NULL,
  PRIMARY KEY (`BorrowerID`)
) ENGINE=InnoDB  DEFAULT CHARSET=utf8 AUTO_INCREMENT=33 ;

--
-- Dumping data for table `tb_borrower`
--

INSERT INTO `tb_borrower` (`BorrowerID`, `UserID`, `FirstName`, `LastName`, `BorrowerType`, `BookOnHand`, `Active`, `Address`, `Password`, `middilename`, `colleges`, `course`) VALUES
(1, 'UDMStu-20170001', 'Ariess', 'Apoo', 'FACULTY', 0, 0, 'UEoeee', 'UDMStu-20170001', '', '', ''),
(2, 'UDMStu-20170002', 'Black', 'Juniosa', 'STUDENT', -3, 0, 'Taguig Citys', 'UDMStu-20170002', 'P', '', ''),
(3, 'UDMStu-20170003', 'Lou', 'Clarke', 'STUDENT', 0, 0, 'London', 'UDMStu-20170003', 'A', '', ''),
(4, 'UDMStu-20170004', 'Test Student', 'Finals', 'STUDENT', 0, 0, 'Final Test Student', 'UDMStu-20170004', '', '', ''),
(5, 'UDMFac-20170001', 'Test Faculty', 'Finals', 'FACULTY', 1, 0, 'Final Test Faculty', 'UDMFac-20170001', 'A', '', ''),
(6, 'UDMStu-20170005', 'Test', 'Final One', 'STUDENT', 0, 0, 'Final One Tests', 'UDMStu-20170005', 'A', '', ''),
(7, 'UDMStu-20170006', 'Jin', 'Kyla', 'STUDENT', 0, 0, 'Taguig', 'UDMStu-20170006', 'A', '', ''),
(8, 'UDMStu-20170007', 'Gem', 'Kylie', 'STUDENT', 0, 0, 'tc', 'UDMStu-20170007', 'A', 'CCSS', 'IT'),
(9, 'UDMStu-20170008', 'John', 'Lem', 'STUDENT', 0, 0, 'MC', 'UDMStu-20170008', '', 'CCSS', 'IT'),
(10, 'UDMStu-20170009', 'Sherly', 'Monisse', 'STUDENT', 0, 0, 'SAN JOSE', 'UDMStu-20170009', 'A', 'CCSS', 'ComSci'),
(11, 'UDMStu-20170010', 'Stephanie', 'Glomar', 'STUDENT', 0, 0, 'Muntinlupa', 'UDMStu-20170010', '', 'CAS Department', 'HRM'),
(22, 'UDMFac-20170002', 'Gina Mae', 'Dela Cruz', 'FACULTY', 0, 0, 'MC', 'UDMFac-20170002', 'A', 'CCSS', 'EMC'),
(23, 'UDMFac-20170003', 'Gina', 'Cruz', 'FACULTY', 0, 0, 'Mandaluyong', 'UDMFac-20170003', 'P', 'CCSS', 'EMC'),
(24, 'UDMStu-20170014', 'Piolo', 'Pascual', 'STUDENT', 0, 0, 'QC', 'UDMStu-20170014', 'H', 'CCSS', 'IT'),
(25, 'UDMStu-20170015', 'Klay', 'Gonzaga', 'STUDENT', 0, 0, 'QC', 'UDMStu-20170015', 'A', 'CCSS', 'IT'),
(26, 'UDMStu-20170016', 'Sherlyn', 'Gomez', 'STUDENT', 0, 0, 'QC', 'UDMStu-20170016', 'Y', 'CCSS', 'EMC'),
(27, 'UDMFac-20170004', 'Mike', 'Dela Paz', 'FACULTY', 0, 0, 'QC', 'UDMFac-20170004', 'O', 'CAS', 'HRM'),
(28, 'UDMStu-20170017', 'Ricky', 'Lorenz', 'STUDENT', 0, 0, 'Pasig', 'UDMStu-20170017', 'A', 'CCSS', 'EMC'),
(29, 'UDMFac-20170005', 'James', 'Yu', 'FACULTY', 0, 0, 'Tomas Morato', 'UDMFac-20170005', 'l', 'Engineering Department', 'Engineering'),
(30, 'UDMStu-20170018', 'Robert', 'Vega', 'STUDENT', 0, 0, 'QC', 'UDMStu-20170018', 'G', 'CCSS', 'IT'),
(31, 'UDMFac-20170006', 'Grace', 'Bolado', 'FACULTY', 0, 0, 'MC', 'UDMFac-20170006', 'S', 'CCSS', 'EMC'),
(32, 'UDMFac-20170007', 'Genesis', 'Lomera', 'FACULTY', 0, 0, 'MC', 'UDMFac-20170007', 'O', 'CCSS', 'IT');

-- --------------------------------------------------------

--
-- Table structure for table `tb_borrowing`
--

CREATE TABLE IF NOT EXISTS `tb_borrowing` (
  `id` int(11) NOT NULL AUTO_INCREMENT,
  `BookID` int(11) NOT NULL,
  `AccessionID` int(11) NOT NULL,
  `BorrowerID` int(11) NOT NULL,
  `Barcode` int(11) NOT NULL,
  `DateLoan` date NOT NULL,
  `ValidUntil` date NOT NULL,
  `DateReturn` date NOT NULL,
  `Penalty` decimal(10,0) NOT NULL,
  `Status` varchar(50) NOT NULL,
  `ValidUntilNoH` date NOT NULL,
  PRIMARY KEY (`id`)
) ENGINE=InnoDB DEFAULT CHARSET=latin1 AUTO_INCREMENT=1 ;

-- --------------------------------------------------------

--
-- Table structure for table `tb_category`
--

CREATE TABLE IF NOT EXISTS `tb_category` (
  `id` int(11) NOT NULL AUTO_INCREMENT,
  `category` varchar(50) NOT NULL,
  PRIMARY KEY (`id`)
) ENGINE=InnoDB  DEFAULT CHARSET=latin1 AUTO_INCREMENT=28 ;

--
-- Dumping data for table `tb_category`
--

INSERT INTO `tb_category` (`id`, `category`) VALUES
(26, 'Donate'),
(27, 'Purchase');

-- --------------------------------------------------------

--
-- Table structure for table `tb_categoryy`
--

CREATE TABLE IF NOT EXISTS `tb_categoryy` (
  `id` int(11) NOT NULL AUTO_INCREMENT,
  `bkcategory` varchar(50) NOT NULL,
  PRIMARY KEY (`id`)
) ENGINE=InnoDB  DEFAULT CHARSET=latin1 AUTO_INCREMENT=16 ;

--
-- Dumping data for table `tb_categoryy`
--

INSERT INTO `tb_categoryy` (`id`, `bkcategory`) VALUES
(8, 'General Works'),
(9, 'Philosophy'),
(10, 'Psychology Religion'),
(11, 'History'),
(12, 'Geography'),
(13, 'Horror'),
(14, 'Science'),
(15, 'Comedy');

-- --------------------------------------------------------

--
-- Table structure for table `tb_colleges`
--

CREATE TABLE IF NOT EXISTS `tb_colleges` (
  `id` int(11) NOT NULL AUTO_INCREMENT,
  `colleges` varchar(250) NOT NULL,
  PRIMARY KEY (`id`)
) ENGINE=InnoDB  DEFAULT CHARSET=latin1 AUTO_INCREMENT=4 ;

--
-- Dumping data for table `tb_colleges`
--

INSERT INTO `tb_colleges` (`id`, `colleges`) VALUES
(1, 'CCSS'),
(2, 'CAS'),
(3, 'Engineering');

-- --------------------------------------------------------

--
-- Table structure for table `tb_depart`
--

CREATE TABLE IF NOT EXISTS `tb_depart` (
  `id` int(11) NOT NULL AUTO_INCREMENT,
  `departments` varchar(250) NOT NULL,
  PRIMARY KEY (`id`)
) ENGINE=InnoDB  DEFAULT CHARSET=latin1 AUTO_INCREMENT=4 ;

--
-- Dumping data for table `tb_depart`
--

INSERT INTO `tb_depart` (`id`, `departments`) VALUES
(1, 'IT Department'),
(2, 'CAS Department'),
(3, 'Not Available');

-- --------------------------------------------------------

--
-- Table structure for table `tb_holidays`
--

CREATE TABLE IF NOT EXISTS `tb_holidays` (
  `id` int(11) NOT NULL AUTO_INCREMENT,
  `HolidayName` varchar(50) NOT NULL,
  `HolidayDate` date NOT NULL,
  PRIMARY KEY (`id`)
) ENGINE=InnoDB DEFAULT CHARSET=latin1 AUTO_INCREMENT=1 ;

-- --------------------------------------------------------

--
-- Table structure for table `tb_librarian`
--

CREATE TABLE IF NOT EXISTS `tb_librarian` (
  `libid` int(11) NOT NULL AUTO_INCREMENT,
  `username` varchar(250) NOT NULL,
  `password` varchar(250) NOT NULL,
  `firstname` varchar(250) NOT NULL,
  `lastname` varchar(250) NOT NULL,
  `position` varchar(250) NOT NULL,
  PRIMARY KEY (`libid`)
) ENGINE=InnoDB DEFAULT CHARSET=latin1 AUTO_INCREMENT=1 ;

-- --------------------------------------------------------

--
-- Table structure for table `tb_logs`
--

CREATE TABLE IF NOT EXISTS `tb_logs` (
  `AttendanceNo` int(11) NOT NULL AUTO_INCREMENT,
  `BorrowerID` int(11) NOT NULL,
  `TimeLog` timestamp NOT NULL DEFAULT CURRENT_TIMESTAMP ON UPDATE CURRENT_TIMESTAMP,
  `Status` varchar(5) NOT NULL,
  PRIMARY KEY (`AttendanceNo`)
) ENGINE=InnoDB DEFAULT CHARSET=utf8 AUTO_INCREMENT=1 ;

-- --------------------------------------------------------

--
-- Table structure for table `tb_module`
--

CREATE TABLE IF NOT EXISTS `tb_module` (
  `moduleID` int(11) NOT NULL AUTO_INCREMENT,
  `module` varchar(100) NOT NULL,
  `loginId` int(11) NOT NULL,
  PRIMARY KEY (`moduleID`)
) ENGINE=InnoDB  DEFAULT CHARSET=latin1 AUTO_INCREMENT=1692 ;

--
-- Dumping data for table `tb_module`
--

INSERT INTO `tb_module` (`moduleID`, `module`, `loginId`) VALUES
(1, 'home', 1),
(2, 'Home', 1),
(3, 'Add User', 1),
(4, 'Home', 1),
(5, 'Borrow', 1),
(6, 'Home', 1),
(7, 'home', 2),
(8, 'Home', 2),
(9, 'Add User', 2),
(10, 'Add User', 2),
(11, 'Add User', 2),
(12, 'Search and Edit User', 2),
(13, 'Add User', 2),
(14, 'Search and Edit User', 2),
(15, 'Add User', 2),
(16, 'Search and Edit User', 2),
(17, 'Manage Deleted User', 2),
(18, 'Search and Edit User', 2),
(19, 'Add User', 2),
(20, 'Search and Edit User', 2),
(21, 'Search and Edit User', 2),
(22, 'Search and Edit User', 2),
(23, 'Change Password', 2),
(24, 'Manage Deleted User', 2),
(25, 'Change Password', 2),
(26, 'Add Book', 2),
(27, 'Search and Edit Book', 2),
(28, 'Borrow', 2),
(29, 'Search and Edit Book', 2),
(30, 'Borrow', 2),
(31, 'Search and Edit Book', 2),
(32, 'View Unreturned Books', 2),
(33, 'Borrow', 2),
(34, 'Return', 2),
(35, 'Search and Edit Book', 2),
(36, 'Add Suspension', 2),
(37, 'Penalty', 2),
(38, 'Add Suspension', 2),
(39, 'Penalty', 2),
(40, 'Add Suspension', 2),
(41, 'Reserve', 2),
(42, 'home', 3),
(43, 'Home', 3),
(44, 'Reserve', 3),
(45, 'home', 4),
(46, 'Search and Edit Book', 3),
(47, 'Search and Edit Book', 3),
(48, 'Reserve', 3),
(49, 'Search and Edit Book', 3),
(50, 'Return', 3),
(51, 'Search and Edit Book', 3),
(52, 'Return', 3),
(53, 'View User Logs', 3),
(54, 'Reports', 3),
(55, 'Home', 3),
(56, 'home', 5),
(57, 'Home', 5),
(58, 'Add Book', 5),
(59, 'Search and Edit Book', 5),
(60, 'Add Book', 5),
(61, 'Search and Edit Book', 5),
(62, 'Search and Edit Book', 5),
(63, 'home', 6),
(64, 'Home', 6),
(65, 'Add Book', 6),
(66, 'home', 7),
(67, 'Home', 7),
(68, 'Borrow', 7),
(69, 'Search and Edit Book', 7),
(70, 'Borrow', 7),
(71, 'Return', 7),
(72, 'Borrow', 7),
(73, 'Search and Edit Book', 7),
(74, 'home', 8),
(75, 'home', 9),
(76, 'Home', 9),
(77, 'Borrow', 9),
(78, 'Reserve', 9),
(79, 'Reports', 9),
(80, 'Borrow', 9),
(81, 'Return', 9),
(82, 'View Unreturned Books', 9),
(83, 'Borrow', 9),
(84, 'Reports', 9),
(85, 'home', 10),
(86, 'Home', 10),
(87, 'Home', 10),
(88, 'home', 11),
(89, 'Home', 11),
(90, 'Add User', 11),
(91, 'Add User', 11),
(92, 'Search and Edit User', 11),
(93, 'Search and Edit User', 11),
(94, 'Search and Edit User', 11),
(95, 'Manage Deleted User', 11),
(96, 'Manage Deleted User', 11),
(97, 'Change Password', 11),
(98, 'Manage Deleted User', 11),
(99, 'Add User', 11),
(100, 'Add Book', 11),
(101, 'home', 12),
(102, 'Home', 12),
(103, 'Add User', 12),
(104, 'Search and Edit User', 12),
(105, 'Add Book', 12),
(106, 'Reserve', 12),
(107, 'Home', 12),
(108, 'home', 13),
(109, 'Home', 13),
(110, 'Home', 13),
(111, 'Home', 13),
(112, 'Home', 13),
(113, 'Home', 13),
(114, 'Home', 13),
(115, 'Home', 13),
(116, 'Home', 13),
(117, 'Home', 13),
(118, 'Home', 13),
(119, 'Home', 13),
(120, 'Home', 13),
(121, 'Home', 13),
(122, 'Home', 13),
(123, 'Home', 13),
(124, 'Home', 13),
(125, 'Home', 13),
(126, 'Home', 13),
(127, 'Add User', 13),
(128, 'Add User', 13),
(129, 'Search and Edit User', 13),
(130, 'Add User', 13),
(131, 'Borrow', 13),
(132, 'Borrow', 13),
(133, 'Add Suspension', 13),
(134, 'Add Suspension', 13),
(135, 'Add Book', 13),
(136, 'Add User', 13),
(137, 'Manage Deleted User', 13),
(138, 'Manage Deleted User', 13),
(139, 'Manage Deleted User', 13),
(140, 'Add Book', 13),
(141, 'Add User', 13),
(142, 'Search and Edit User', 13),
(143, 'Change Password', 13),
(144, 'Search and Edit User', 13),
(145, 'Add User', 13),
(146, 'Add Book', 13),
(147, 'Search and Edit Book', 13),
(148, 'View Unreturned Books', 13),
(149, 'Add Suspension', 13),
(150, 'Search and Edit Suspension', 13),
(151, 'Borrow', 13),
(152, 'Return', 13),
(153, 'Penalty', 13),
(154, 'Reserve', 13),
(155, 'Penalty', 13),
(156, 'View User Logs', 13),
(157, 'Reports', 13),
(158, 'Reports', 13),
(159, 'Reports', 13),
(160, 'Reports', 13),
(161, 'Reports', 13),
(162, 'Reports', 13),
(163, 'Reports', 13),
(164, 'Add User', 13),
(165, 'Add User', 13),
(166, 'Add User', 13),
(167, 'Add Book', 13),
(168, 'Add User', 13),
(169, 'Add Book', 13),
(170, 'Add User', 13),
(171, 'Add User', 13),
(172, 'Add User', 13),
(173, 'Add User', 13),
(174, 'Add Book', 13),
(175, 'Add Book', 13),
(176, 'Add Book', 13),
(177, 'Search and Edit Book', 13),
(178, 'Add Book', 13),
(179, 'Add User', 13),
(180, 'Add User', 13),
(181, 'Add User', 13),
(182, 'home', 14),
(183, 'Home', 14),
(184, 'Add User', 14),
(185, 'Add User', 14),
(186, 'Add User', 14),
(187, 'Add User', 14),
(188, 'Add User', 14),
(189, 'Add User', 14),
(190, 'Add User', 14),
(191, 'Add User', 14),
(192, 'Add User', 14),
(193, 'Add User', 14),
(194, 'Add User', 14),
(195, 'Add User', 14),
(196, 'Add User', 14),
(197, 'Add User', 14),
(198, 'Add User', 14),
(199, 'Add User', 14),
(200, 'Add User', 14),
(201, 'Add User', 14),
(202, 'Add User', 14),
(203, 'Add User', 14),
(204, 'Add User', 14),
(205, 'Add User', 14),
(206, 'Add User', 14),
(207, 'Add User', 14),
(208, 'Add User', 14),
(209, 'Add User', 14),
(210, 'home', 15),
(211, 'Home', 15),
(212, 'Add User', 15),
(213, 'Search and Edit User', 15),
(214, 'Add User', 15),
(215, 'Search and Edit User', 15),
(216, 'Search and Edit User', 15),
(217, 'Search and Edit User', 15),
(218, 'Add Book', 15),
(219, 'Add Book', 15),
(220, 'Add Book', 15),
(221, 'Add Book', 15),
(222, 'Add Book', 15),
(223, 'Add Suspension', 15),
(224, 'Add Suspension', 15),
(225, 'Add Suspension', 15),
(226, 'Borrow', 15),
(227, 'Borrow', 15),
(228, 'Borrow', 15),
(229, 'Borrow', 15),
(230, 'Return', 15),
(231, 'Return', 15),
(232, 'Return', 15),
(233, 'Penalty', 15),
(234, 'Penalty', 15),
(235, 'Penalty', 15),
(236, 'Penalty', 15),
(237, 'Penalty', 15),
(238, 'Penalty', 15),
(239, 'Borrow', 15),
(240, 'Return', 15),
(241, 'Add Suspension', 15),
(242, 'Add Suspension', 15),
(243, 'Add Suspension', 15),
(244, 'Add Book', 15),
(245, 'Add Book', 15),
(246, 'Penalty', 15),
(247, 'Reserve', 15),
(248, 'View User Logs', 15),
(249, 'Reports', 15),
(250, 'Reports', 15),
(251, 'Reports', 15),
(252, 'View User Logs', 15),
(253, 'Add User', 15),
(254, 'Search and Edit User', 15),
(255, 'Change Password', 15),
(256, 'Add Book', 15),
(257, 'View Unreturned Books', 15),
(258, 'Add Book', 15),
(259, 'Add Book', 15),
(260, 'Add Book', 15),
(261, 'Add Book', 15),
(262, 'Add Book', 15),
(263, 'Add Book', 15),
(264, 'Add Book', 15),
(265, 'Add Book', 15),
(266, 'Add Book', 15),
(267, 'Add Book', 15),
(268, 'Add Book', 15),
(269, 'Search and Edit Book', 15),
(270, 'Add Book', 15),
(271, 'Add Book', 15),
(272, 'Add Book', 15),
(273, 'Add Book', 15),
(274, 'Add Book', 15),
(275, 'Search and Edit Book', 15),
(276, 'Add Book', 15),
(277, 'Add Book', 15),
(278, 'Add Book', 15),
(279, 'home', 16),
(280, 'Home', 16),
(281, 'Add Book', 16),
(282, 'Add Book', 16),
(283, 'Add Book', 16),
(284, 'Search and Edit Book', 16),
(285, 'Add Book', 16),
(286, 'home', 17),
(287, 'Home', 17),
(288, 'Add User', 17),
(289, 'Add User', 17),
(290, 'Add User', 17),
(291, 'Add Position Category', 17),
(292, 'Add Position Category', 17),
(293, 'Add Position Category', 17),
(294, 'Add Position Category', 17),
(295, 'Add Position Category', 17),
(296, 'Add Position Category', 17),
(297, 'Add Position Category', 17),
(298, 'Add Position Category', 17),
(299, 'Add Position Category', 17),
(300, 'Add Position Category', 17),
(301, 'Add Position Category', 17),
(302, 'Add Position Category', 17),
(303, 'Add Position Category', 17),
(304, 'Add Position Category', 17),
(305, 'Add Position Category', 17),
(306, 'Add Position Category', 17),
(307, 'Add Position Category', 17),
(308, 'Add Position Category', 17),
(309, 'Add User', 17),
(310, 'Add User', 17),
(311, 'Add User', 17),
(312, 'Add User', 17),
(313, 'Add User', 17),
(314, 'Add User', 17),
(315, 'Add User', 17),
(316, 'Add User', 17),
(317, 'Add User', 17),
(318, 'home', 18),
(319, 'home', 19),
(320, 'Home', 19),
(321, 'Add User', 19),
(322, 'Add User', 19),
(323, 'Add User', 19),
(324, 'Add User', 19),
(325, 'Add User', 19),
(326, 'Add User', 19),
(327, 'Add User', 19),
(328, 'Add User', 19),
(329, 'Add User', 19),
(330, 'Add User', 19),
(331, 'Add User', 19),
(332, 'home', 20),
(333, 'Home', 20),
(334, 'Add User', 20),
(335, 'Add User', 20),
(336, 'Add User', 20),
(337, 'Add User', 20),
(338, 'Add User', 20),
(339, 'Add User', 20),
(340, 'Add User', 20),
(341, 'Add User', 20),
(342, 'Add User', 20),
(343, 'Add User', 20),
(344, 'Add User', 20),
(345, 'Add User', 20),
(346, 'Add User', 20),
(347, 'Add User', 20),
(348, 'Add User', 20),
(349, 'Add User', 20),
(350, 'Add User', 20),
(351, 'Add User', 20),
(352, 'Add User', 20),
(353, 'Add User', 20),
(354, 'Add User', 20),
(355, 'Add User', 20),
(356, 'Add User', 20),
(357, 'Add User', 20),
(358, 'Add User', 20),
(359, 'Add User', 20),
(360, 'Add User', 20),
(361, 'Add User', 20),
(362, 'Add User', 20),
(363, 'Add User', 20),
(364, 'Add User', 20),
(365, 'Add User', 20),
(366, 'Add User', 20),
(367, 'Add User', 20),
(368, 'Add User', 20),
(369, 'Add User', 20),
(370, 'Add User', 20),
(371, 'Add User', 20),
(372, 'Add User', 20),
(373, 'Add User', 20),
(374, 'Add User', 20),
(375, 'Add User', 20),
(376, 'Add User', 20),
(377, 'Add User', 20),
(378, 'Add User', 20),
(379, 'Home', 20),
(380, 'Add User', 20),
(381, 'Add User', 20),
(382, 'Add User', 20),
(383, 'Add User', 20),
(384, 'Add User', 20),
(385, 'Add User', 20),
(386, 'Add User', 20),
(387, 'home', 21),
(388, 'Home', 21),
(389, 'Add User', 21),
(390, 'Add User', 21),
(391, 'Add User', 21),
(392, 'Add User', 21),
(393, 'Add User', 21),
(394, 'Add User', 21),
(395, 'Add User', 21),
(396, 'Add User', 21),
(397, 'Add User', 21),
(398, 'Add User', 21),
(399, 'Add User', 21),
(400, 'Add User', 21),
(401, 'Add Position Category', 21),
(402, 'Add User', 21),
(403, 'Add User', 21),
(404, 'Add User', 21),
(405, 'Add Book', 21),
(406, 'Add User', 21),
(407, 'Add Position Category', 21),
(408, 'Add User', 21),
(409, 'Add User', 21),
(410, 'Add User', 21),
(411, 'Add User', 21),
(412, 'Add User', 21),
(413, 'Add User', 21),
(414, 'Add User', 21),
(415, 'Add User', 21),
(416, 'Add User', 21),
(417, 'Add Position Category', 21),
(418, 'Add Position Category', 21),
(419, 'Add Book', 21),
(420, 'Search and Edit Book', 21),
(421, 'Add User', 21),
(422, 'Add Position Category', 21),
(423, 'Add Position Category', 21),
(424, 'Add User', 21),
(425, 'Add User', 21),
(426, 'Add User', 21),
(427, 'Add User', 21),
(428, 'Add User', 21),
(429, 'Add User', 21),
(430, 'home', 22),
(431, 'Home', 22),
(432, 'Add User', 22),
(433, 'Add User', 22),
(434, 'Add User', 22),
(435, 'Add User', 22),
(436, 'Add User', 22),
(437, 'Add User', 22),
(438, 'Add User', 22),
(439, 'Add User', 22),
(440, 'Add User', 22),
(441, 'Add User', 22),
(442, 'Add User', 22),
(443, 'Add User', 22),
(444, 'Add User', 22),
(445, 'Add User', 22),
(446, 'home', 23),
(447, 'Home', 23),
(448, 'Add User', 23),
(449, 'Add User', 23),
(450, 'Add User', 23),
(451, 'Add User', 23),
(452, 'Add User', 23),
(453, 'Add User', 23),
(454, 'Add User', 23),
(455, 'Add User', 23),
(456, 'Add User', 23),
(457, 'Add User', 23),
(458, 'Add User', 23),
(459, 'Add User', 23),
(460, 'Add User', 23),
(461, 'Add User', 23),
(462, 'Add User', 23),
(463, 'Add User', 23),
(464, 'Add User', 23),
(465, 'Add User', 23),
(466, 'Add User', 23),
(467, 'Add User', 23),
(468, 'Add User', 23),
(469, 'Add User', 23),
(470, 'Add User', 23),
(471, 'Add User', 23),
(472, 'Add User', 23),
(473, 'Add User', 23),
(474, 'Add User', 23),
(475, 'Search and Edit User', 23),
(476, 'home', 24),
(477, 'Home', 24),
(478, 'Add User', 24),
(479, 'Add User', 24),
(480, 'Search and Edit User', 24),
(481, 'Add User', 24),
(482, 'Add User', 24),
(483, 'Add User', 24),
(484, 'home', 25),
(485, 'Home', 25),
(486, 'Add User', 25),
(487, 'Add Position Category', 25),
(488, 'Add User', 25),
(489, 'Add Position Category', 25),
(490, 'Add User', 25),
(491, 'Penalty', 25),
(492, 'Add Book', 25),
(493, 'Add Position Category', 25),
(494, 'Borrow', 25),
(495, 'Return', 25),
(496, 'Add Book', 25),
(497, 'Reserve', 25),
(498, 'Penalty', 25),
(499, 'Reserve', 25),
(500, 'Borrow', 25),
(501, 'Add Suspension', 25),
(502, 'View Unreturned Books', 25),
(503, 'Add Book', 25),
(504, 'Add User', 25),
(505, 'home', 26),
(506, 'Home', 26),
(507, 'Add Book', 26),
(508, 'Add User', 26),
(509, 'View Unreturned Books', 26),
(510, 'Penalty', 26),
(511, 'Penalty', 26),
(512, 'Search and Edit User', 26),
(513, 'Add User', 26),
(514, 'Search and Edit User', 26),
(515, 'Search and Edit Book', 26),
(516, 'Search and Edit User', 26),
(517, 'Search and Edit User', 26),
(518, 'Search and Edit User', 26),
(519, 'Search and Edit User', 26),
(520, 'Search and Edit User', 26),
(521, 'Search and Edit User', 26),
(522, 'Search and Edit User', 26),
(523, 'Add User', 26),
(524, 'Add User', 26),
(525, 'Add Position Category', 26),
(526, 'Search and Edit User', 26),
(527, 'Search and Edit User', 26),
(528, 'Search and Edit User', 26),
(529, 'Search and Edit User', 26),
(530, 'Search and Edit User', 26),
(531, 'Search and Edit User', 26),
(532, 'Search and Edit Book', 26),
(533, 'Search and Edit Book', 26),
(534, 'Search and Edit User', 26),
(535, 'Search and Edit User', 26),
(536, 'Search and Edit Book', 26),
(537, 'Search and Edit Book', 26),
(538, 'Search and Edit User', 26),
(539, 'home', 27),
(540, 'Home', 27),
(541, 'Search and Edit User', 27),
(542, 'Search and Edit User', 27),
(543, 'Add User', 27),
(544, 'Add User', 27),
(545, 'Search and Edit Book', 27),
(546, 'Add Book', 27),
(547, 'Search and Edit Book', 27),
(548, 'Search and Edit Book', 27),
(549, 'Search and Edit Book', 27),
(550, 'home', 28),
(551, 'home', 29),
(552, 'home', 30),
(553, 'Home', 30),
(554, 'Reserve', 30),
(555, 'Reserve', 30),
(556, 'Search and Edit Book', 30),
(557, 'Reserve', 30),
(558, 'Reserve', 30),
(559, 'Add Book', 30),
(560, 'Add Book', 30),
(561, 'Reserve', 30),
(562, 'Return', 30),
(563, 'Reserve', 30),
(564, 'Return', 30),
(565, 'home', 31),
(566, 'Return', 30),
(567, 'Reserve', 30),
(568, 'Reserve', 30),
(569, 'Return', 30),
(570, 'Return', 30),
(571, 'Return', 30),
(572, 'View Unreturned Books', 30),
(573, 'View Unreturned Books', 30),
(574, 'Add Position Category', 30),
(575, 'Add User', 30),
(576, 'Add User', 30),
(577, 'home', 32),
(578, 'Add User', 30),
(579, 'Reserve', 30),
(580, 'Reserve', 30),
(581, 'Search and Edit Book', 30),
(582, 'Return', 30),
(583, 'Reserve', 30),
(584, 'Penalty', 30),
(585, 'home', 33),
(586, 'Home', 33),
(587, 'Reports', 33),
(588, 'Reports', 33),
(589, 'Reports', 33),
(590, 'Reports', 33),
(591, 'Reports', 33),
(592, 'View User Logs', 33),
(593, 'Reserve', 33),
(594, 'Penalty', 33),
(595, 'Penalty', 33),
(596, 'Penalty', 33),
(597, 'Penalty', 33),
(598, 'Return', 33),
(599, 'Return', 33),
(600, 'Borrow', 33),
(601, 'Add Suspension', 33),
(602, 'Add Suspension', 33),
(603, 'Add Suspension', 33),
(604, 'Add User', 33),
(605, 'Add User', 33),
(606, 'Add Book', 33),
(607, 'Reports', 33),
(608, 'View User Logs', 33),
(609, 'Reserve', 33),
(610, 'Penalty', 33),
(611, 'home', 34),
(612, 'Penalty', 33),
(613, 'Penalty', 33),
(614, 'Change Password', 33),
(615, 'Change Password', 33),
(616, 'Change Password', 33),
(617, 'Change Password', 33),
(618, 'Change Password', 33),
(619, 'Change Password', 33),
(620, 'Change Password', 33),
(621, 'Change Password', 33),
(622, 'Change Password', 33),
(623, 'Change Password', 33),
(624, 'Change Password', 33),
(625, 'Change Password', 33),
(626, 'Change Password', 33),
(627, 'Penalty', 33),
(628, 'Borrow', 33),
(629, 'Borrow', 33),
(630, 'Return', 33),
(631, 'Return', 33),
(632, 'Add User', 33),
(633, 'Add User', 33),
(634, 'Add User', 33),
(635, 'Add User', 33),
(636, 'Add User', 33),
(637, 'Search and Edit User', 33),
(638, 'Add User', 33),
(639, 'Add Position Category', 33),
(640, 'Add Position Category', 33),
(641, 'Search and Edit User', 33),
(642, 'Add Position Category', 33),
(643, 'Add Position Category', 33),
(644, 'Add User', 33),
(645, 'Add User', 33),
(646, 'Add Position Category', 33),
(647, 'Add Position Category', 33),
(648, 'Add User', 33),
(649, 'home', 35),
(650, 'Add User', 33),
(651, 'Add User', 33),
(652, 'Add User', 33),
(653, 'Add User', 33),
(654, 'Add User', 33),
(655, 'Add User', 33),
(656, 'Add User', 33),
(657, 'Add User', 33),
(658, 'Add User', 33),
(659, 'Add User', 33),
(660, 'Add User', 33),
(661, 'Add User', 33),
(662, 'Add User', 33),
(663, 'Add User', 33),
(664, 'Search and Edit User', 33),
(665, 'Search and Edit User', 33),
(666, 'Search and Edit User', 33),
(667, 'Search and Edit User', 33),
(668, 'Search and Edit User', 33),
(669, 'Search and Edit User', 33),
(670, 'Search and Edit User', 33),
(671, 'Search and Edit User', 33),
(672, 'home', 36),
(673, 'Home', 36),
(674, 'Search and Edit User', 36),
(675, 'Search and Edit User', 36),
(676, 'Search and Edit User', 36),
(677, 'Search and Edit User', 36),
(678, 'Search and Edit User', 36),
(679, 'Search and Edit User', 36),
(680, 'Search and Edit User', 36),
(681, 'Search and Edit User', 36),
(682, 'Search and Edit User', 36),
(683, 'Search and Edit User', 36),
(684, 'Search and Edit User', 36),
(685, 'Search and Edit User', 36),
(686, 'Search and Edit User', 36),
(687, 'Search and Edit User', 36),
(688, 'Search and Edit User', 36),
(689, 'Search and Edit User', 36),
(690, 'Add User', 36),
(691, 'Search and Edit User', 36),
(692, 'Search and Edit User', 36),
(693, 'Search and Edit User', 36),
(694, 'Search and Edit User', 36),
(695, 'Search and Edit User', 36),
(696, 'Search and Edit User', 36),
(697, 'Search and Edit User', 36),
(698, 'Search and Edit User', 36),
(699, 'Search and Edit User', 36),
(700, 'Search and Edit User', 36),
(701, 'Search and Edit User', 36),
(702, 'Add User', 36),
(703, 'Search and Edit User', 36),
(704, 'Search and Edit User', 36),
(705, 'Search and Edit User', 36),
(706, 'Search and Edit User', 36),
(707, 'Search and Edit User', 36),
(708, 'Search and Edit User', 36),
(709, 'Search and Edit User', 36),
(710, 'Search and Edit User', 36),
(711, 'Search and Edit User', 36),
(712, 'home', 37),
(713, 'home', 38),
(714, 'Home', 38),
(715, 'Search and Edit User', 38),
(716, 'Search and Edit User', 38),
(717, 'Search and Edit User', 38),
(718, 'Search and Edit User', 38),
(719, 'Search and Edit User', 38),
(720, 'Search and Edit User', 38),
(721, 'Search and Edit User', 38),
(722, 'Search and Edit User', 38),
(723, 'Search and Edit User', 38),
(724, 'Search and Edit User', 38),
(725, 'Search and Edit User', 38),
(726, 'home', 39),
(727, 'home', 40),
(728, 'home', 41),
(729, 'Home', 41),
(730, 'Search and Edit User', 41),
(731, 'Search and Edit User', 41),
(732, 'Search and Edit User', 41),
(733, 'Search and Edit User', 41),
(734, 'Home', 41),
(735, 'Home', 41),
(736, 'Home', 41),
(737, 'Home', 41),
(738, 'Home', 41),
(739, 'Home', 41),
(740, 'Home', 41),
(741, 'Home', 41),
(742, 'Home', 41),
(743, 'Add User', 41),
(744, 'Home', 41),
(745, 'Home', 41),
(746, 'Add User', 41),
(747, 'Add User', 41),
(748, 'Add User', 41),
(749, 'Add User', 41),
(750, 'Add User', 41),
(751, 'Add User', 41),
(752, 'Search and Edit User', 41),
(753, 'View User Logs', 41),
(754, 'Reports', 41),
(755, 'Borrow', 41),
(756, 'Add User', 41),
(757, 'Borrow', 41),
(758, 'home', 42),
(759, 'home', 43),
(760, 'Home', 43),
(761, 'Add User', 43),
(762, 'Add User', 43),
(763, 'Add User', 43),
(764, 'Add User', 43),
(765, 'Add User', 43),
(766, 'Add User', 43),
(767, 'Add User', 43),
(768, 'Add User', 43),
(769, 'Add User', 43),
(770, 'Add User', 43),
(771, 'Add User', 43),
(772, 'Add User', 43),
(773, 'Add User', 43),
(774, 'Add User', 43),
(775, 'Add User', 43),
(776, 'Add User', 43),
(777, 'Add User', 43),
(778, 'Add User', 43),
(779, 'Borrow', 43),
(780, 'Return', 43),
(781, 'Borrow', 43),
(782, 'View User Logs', 43),
(783, 'Search and Edit Book', 43),
(784, 'Borrow', 43),
(785, 'home', 44),
(786, 'Home', 44),
(787, 'Add User', 44),
(788, 'Add User', 44),
(789, 'Search and Edit User', 44),
(790, 'Search and Edit User', 44),
(791, 'Search and Edit User', 44),
(792, 'Search and Edit User', 44),
(793, 'Search and Edit User', 44),
(794, 'Add User', 44),
(795, 'Search and Edit User', 44),
(796, 'Search and Edit User', 44),
(797, 'Search and Edit User', 44),
(798, 'Search and Edit User', 44),
(799, 'Search and Edit User', 44),
(800, 'Search and Edit User', 44),
(801, 'Search and Edit User', 44),
(802, 'Search and Edit User', 44),
(803, 'Search and Edit User', 44),
(804, 'Add User', 44),
(805, 'Add User', 44),
(806, 'Add User', 44),
(807, 'Add Position Category', 44),
(808, 'Add Position Category', 44),
(809, 'Add User', 44),
(810, 'Add User', 44),
(811, 'Search and Edit User', 44),
(812, 'Add User', 44),
(813, 'Add User', 44),
(814, 'Add Book', 44),
(815, 'Add User', 44),
(816, 'Search and Edit User', 44),
(817, 'Add Book', 44),
(818, 'Add User', 44),
(819, 'Search and Edit User', 44),
(820, 'home', 45),
(821, 'Add Book', 44),
(822, 'Search and Edit Book', 44),
(823, 'Add User', 44),
(824, 'Add User', 44),
(825, 'Add Book', 44),
(826, 'Search and Edit Book', 44),
(827, 'Add Book', 44),
(828, 'Add Book', 44),
(829, 'Add Book', 44),
(830, 'Add Book', 44),
(831, 'Add Book', 44),
(832, 'Add Book', 44),
(833, 'Add Book', 44),
(834, 'Add Book', 44),
(835, 'Add Book', 44),
(836, 'Add Book', 44),
(837, 'Add Book', 44),
(838, 'Add Book', 44),
(839, 'Add User', 44),
(840, 'home', 46),
(841, 'Home', 46),
(842, 'Search and Edit User', 46),
(843, 'Search and Edit User', 46),
(844, 'Search and Edit User', 46),
(845, 'Search and Edit User', 46),
(846, 'home', 47),
(847, 'Home', 47),
(848, 'Borrow', 47),
(849, 'Search and Edit Book', 47),
(850, 'Borrow', 47),
(851, 'Borrow', 47),
(852, 'Return', 47),
(853, 'Borrow', 47),
(854, 'Return', 47),
(855, 'home', 48),
(856, 'Home', 48),
(857, 'Search and Edit Book', 48),
(858, 'View Unreturned Books', 48),
(859, 'Return', 48),
(860, 'Borrow', 48),
(861, 'Return', 48),
(862, 'View Unreturned Books', 48),
(863, 'Return', 48),
(864, 'home', 49),
(865, 'Home', 49),
(866, 'Return', 49),
(867, 'Borrow', 49),
(868, 'Return', 49),
(869, 'home', 50),
(870, 'Home', 50),
(871, 'Return', 50),
(872, 'Return', 50),
(873, 'View Unreturned Books', 50),
(874, 'home', 51),
(875, 'Home', 51),
(876, 'Return', 51),
(877, 'Return', 51),
(878, 'home', 52),
(879, 'Home', 52),
(880, 'Return', 52),
(881, 'View Unreturned Books', 52),
(882, 'Return', 52),
(883, 'home', 53),
(884, 'Home', 53),
(885, 'Search and Edit Book', 53),
(886, 'Search and Edit Book', 53),
(887, 'Search and Edit Book', 53),
(888, 'Search and Edit Book', 53),
(889, 'Search and Edit Book', 53),
(890, 'Search and Edit Book', 53),
(891, 'Search and Edit Book', 53),
(892, 'Search and Edit Book', 53),
(893, 'home', 54),
(894, 'Home', 54),
(895, 'Home', 54),
(896, 'Add User', 54),
(897, 'Add User', 54),
(898, 'Search and Edit User', 54),
(899, 'Search and Edit User', 54),
(900, 'Add User', 54),
(901, 'Add User', 54),
(902, 'Add User', 54),
(903, 'Search and Edit User', 54),
(904, 'Search and Edit User', 54),
(905, 'Search and Edit User', 54),
(906, 'Search and Edit User', 54),
(907, 'Add User', 54),
(908, 'Search and Edit User', 54),
(909, 'Search and Edit User', 54),
(910, 'Add User', 54),
(911, 'Search and Edit User', 54),
(912, 'Search and Edit User', 54),
(913, 'Add User', 54),
(914, 'Search and Edit User', 54),
(915, 'Search and Edit User', 54),
(916, 'Add User', 54),
(917, 'Add User', 54),
(918, 'Add User', 54),
(919, 'Add User', 54),
(920, 'Add User', 54),
(921, 'Add User', 54),
(922, 'Search and Edit User', 54),
(923, 'Search and Edit User', 54),
(924, 'Add User', 54),
(925, 'Search and Edit User', 54),
(926, 'Add User', 54),
(927, 'Add User', 54),
(928, 'Add User', 54),
(929, 'Add User', 54),
(930, 'Add User', 54),
(931, 'Add User', 54),
(932, 'Add User', 54),
(933, 'Add User', 54),
(934, 'Add User', 54),
(935, 'Add User', 54),
(936, 'Add User', 54),
(937, 'Add User', 54),
(938, 'home', 55),
(939, 'Home', 55),
(940, 'Add User', 55),
(941, 'Add User', 55),
(942, 'Add User', 55),
(943, 'Add User', 55),
(944, 'Add User', 55),
(945, 'Add User', 55),
(946, 'Add User', 55),
(947, 'Add User', 55),
(948, 'Add User', 55),
(949, 'Add User', 55),
(950, 'Add User', 55),
(951, 'Add User', 55),
(952, 'Search and Edit User', 55),
(953, 'Add User', 55),
(954, 'Search and Edit User', 55),
(955, 'Add User', 55),
(956, 'home', 56),
(957, 'Home', 56),
(958, 'Add User', 56),
(959, 'Search and Edit User', 56),
(960, 'Add User', 56),
(961, 'home', 57),
(962, 'Home', 57),
(963, 'Add User', 57),
(964, 'Search and Edit User', 57),
(965, 'Add Book', 57),
(966, 'Add Book Category', 57),
(967, 'Add Book', 57),
(968, 'Add Suspension', 57),
(969, 'Borrow', 57),
(970, 'Return', 57),
(971, 'Search and Edit Book', 57),
(972, 'Penalty', 57),
(973, 'Reserve', 57),
(974, 'View User Logs', 57),
(975, 'Reports', 57),
(976, 'home', 58),
(977, 'Home', 58),
(978, 'Add User', 58),
(979, 'Search and Edit User', 58),
(980, 'Search and Edit User', 58),
(981, 'Add User', 58),
(982, 'Borrow', 58),
(983, 'Return', 58),
(984, 'Borrow', 58),
(985, 'Borrow', 58),
(986, 'Borrow', 58),
(987, 'Borrow', 58),
(988, 'Borrow', 58),
(989, 'Borrow', 58),
(990, 'Borrow', 58),
(991, 'Borrow', 58),
(992, 'Add User', 58),
(993, 'Borrow', 58),
(994, 'Borrow', 58),
(995, 'Borrow', 58),
(996, 'Borrow', 58),
(997, 'Borrow', 58),
(998, 'Borrow', 58),
(999, 'Borrow', 58),
(1000, 'Borrow', 58),
(1001, 'Borrow', 58),
(1002, 'Borrow', 58),
(1003, 'Borrow', 58),
(1004, 'Borrow', 58),
(1005, 'Borrow', 58),
(1006, 'Return', 58),
(1007, 'Borrow', 58),
(1008, 'Return', 58),
(1009, 'Return', 58),
(1010, 'Return', 58),
(1011, 'Return', 58),
(1012, 'Borrow', 58),
(1013, 'Return', 58),
(1014, 'Return', 58),
(1015, 'Return', 58),
(1016, 'Return', 58),
(1017, 'Return', 58),
(1018, 'Return', 58),
(1019, 'Search and Edit Book', 58),
(1020, 'View Unreturned Books', 58),
(1021, 'Search and Edit User', 58),
(1022, 'View Unreturned Books', 58),
(1023, 'Search and Edit User', 58),
(1024, 'Return', 58),
(1025, 'Return', 58),
(1026, 'Return', 58),
(1027, 'Return', 58),
(1028, 'Return', 58),
(1029, 'Return', 58),
(1030, 'Return', 58),
(1031, 'Return', 58),
(1032, 'Return', 58),
(1033, 'Return', 58),
(1034, 'Return', 58),
(1035, 'Return', 58),
(1036, 'Return', 58),
(1037, 'Return', 58),
(1038, 'Return', 58),
(1039, 'Return', 58),
(1040, 'Return', 58),
(1041, 'Borrow', 58),
(1042, 'Borrow', 58),
(1043, 'Return', 58),
(1044, 'Return', 58),
(1045, 'Return', 58),
(1046, 'Return', 58),
(1047, 'Return', 58),
(1048, 'Return', 58),
(1049, 'Search and Edit Book', 58),
(1050, 'View Unreturned Books', 58),
(1051, 'Return', 58),
(1052, 'Return', 58),
(1053, 'Return', 58),
(1054, 'Add User', 58),
(1055, 'Add User', 58),
(1056, 'Add User', 58),
(1057, 'Add User', 58),
(1058, 'Add User', 58),
(1059, 'Add User', 58),
(1060, 'Add User', 58),
(1061, 'Add User', 58),
(1062, 'Add User', 58),
(1063, 'Add User', 58),
(1064, 'Add User', 58),
(1065, 'Borrow', 58),
(1066, 'Add User', 58),
(1067, 'Add User', 58),
(1068, 'Add User', 58),
(1069, 'Add User', 58),
(1070, 'Add User', 58),
(1071, 'Add User', 58),
(1072, 'Add User', 58),
(1073, 'Add User', 58),
(1074, 'Add User', 58),
(1075, 'Add User', 58),
(1076, 'Search and Edit User', 58),
(1077, 'Add User', 58),
(1078, 'Search and Edit User', 58),
(1079, 'Search and Edit User', 58),
(1080, 'Add User', 58),
(1081, 'Search and Edit User', 58),
(1082, 'Add User', 58),
(1083, 'Search and Edit User', 58),
(1084, 'Search and Edit User', 58),
(1085, 'Search and Edit User', 58),
(1086, 'Search and Edit User', 58),
(1087, 'Search and Edit User', 58),
(1088, 'Search and Edit User', 58),
(1089, 'Search and Edit User', 58),
(1090, 'Add User', 58),
(1091, 'Search and Edit User', 58),
(1092, 'Search and Edit User', 58),
(1093, 'Search and Edit User', 58),
(1094, 'Search and Edit User', 58),
(1095, 'Search and Edit User', 58),
(1096, 'Add User', 58),
(1097, 'Add User', 58),
(1098, 'Search and Edit User', 58),
(1099, 'Search and Edit User', 58),
(1100, 'Search and Edit User', 58),
(1101, 'Search and Edit User', 58),
(1102, 'Search and Edit User', 58),
(1103, 'Search and Edit User', 58),
(1104, 'Search and Edit User', 58),
(1105, 'Search and Edit User', 58),
(1106, 'home', 59),
(1107, 'Home', 59),
(1108, 'Search and Edit User', 59),
(1109, 'Search and Edit User', 59),
(1110, 'Add User', 59),
(1111, 'Search and Edit User', 59),
(1112, 'Search and Edit User', 59),
(1113, 'Search and Edit User', 59),
(1114, 'Search and Edit User', 59),
(1115, 'Add Book', 59),
(1116, 'Add User', 59),
(1117, 'Search and Edit User', 59),
(1118, 'Search and Edit User', 59),
(1119, 'Search and Edit User', 59),
(1120, 'Search and Edit User', 59),
(1121, 'Search and Edit User', 59),
(1122, 'Add User', 59),
(1123, 'Search and Edit User', 59),
(1124, 'Search and Edit User', 59),
(1125, 'Search and Edit User', 59),
(1126, 'Search and Edit User', 59),
(1127, 'Search and Edit User', 59),
(1128, 'Search and Edit User', 59),
(1129, 'Add User', 59),
(1130, 'Search and Edit User', 59),
(1131, 'Search and Edit User', 59),
(1132, 'Search and Edit User', 59),
(1133, 'Add User', 59),
(1134, 'Search and Edit User', 59),
(1135, 'Search and Edit User', 59),
(1136, 'Search and Edit User', 59),
(1137, 'Add User', 59),
(1138, 'Search and Edit User', 59),
(1139, 'Add User', 59),
(1140, 'Search and Edit User', 59),
(1141, 'home', 60),
(1142, 'Home', 60),
(1143, 'Add User', 60),
(1144, 'Search and Edit User', 60),
(1145, 'Add User', 60),
(1146, 'Search and Edit User', 60),
(1147, 'Add User', 60),
(1148, 'Search and Edit User', 60),
(1149, 'Search and Edit User', 60),
(1150, 'Search and Edit User', 60),
(1151, 'Add User', 60),
(1152, 'Search and Edit User', 60),
(1153, 'Add User', 60),
(1154, 'Add User', 60),
(1155, 'Search and Edit User', 60),
(1156, 'Search and Edit User', 60),
(1157, 'Search and Edit User', 60),
(1158, 'Add User', 60),
(1159, 'Search and Edit User', 60),
(1160, 'Add User', 60),
(1161, 'Search and Edit User', 60),
(1162, 'Search and Edit User', 60),
(1163, 'Search and Edit User', 60),
(1164, 'Search and Edit User', 60),
(1165, 'Search and Edit User', 60),
(1166, 'Add User', 60),
(1167, 'Search and Edit User', 60),
(1168, 'Search and Edit User', 60),
(1169, 'Search and Edit User', 60),
(1170, 'Search and Edit User', 60),
(1171, 'Search and Edit User', 60),
(1172, 'Search and Edit User', 60),
(1173, 'Search and Edit User', 60),
(1174, 'Search and Edit User', 60),
(1175, 'Add User', 60),
(1176, 'Change Password', 60),
(1177, 'Change Password', 60),
(1178, 'Search and Edit User', 60),
(1179, 'Change Password', 60),
(1180, 'Borrow', 60),
(1181, 'Add User', 60),
(1182, 'Search and Edit User', 60),
(1183, 'Change Password', 60),
(1184, 'Change Password', 60),
(1185, 'Change Password', 60),
(1186, 'Change Password', 60),
(1187, 'Change Password', 60),
(1188, 'Change Password', 60),
(1189, 'Add Book', 60),
(1190, 'Add Book', 60),
(1191, 'Add Book', 60),
(1192, 'Add Book', 60),
(1193, 'Add Book', 60),
(1194, 'Add Book', 60),
(1195, 'Add Book', 60),
(1196, 'Add Book', 60),
(1197, 'Add Book', 60),
(1198, 'Add Book', 60),
(1199, 'Add Book', 60),
(1200, 'Add Book', 60),
(1201, 'Add Book', 60),
(1202, 'Add Book', 60),
(1203, 'Add Book', 60),
(1204, 'Add Book', 60),
(1205, 'Add Book', 60),
(1206, 'Add Book', 60),
(1207, 'Add Book', 60),
(1208, 'Add Book', 60),
(1209, 'Add Book', 60),
(1210, 'Add Book', 60),
(1211, 'Add Book', 60),
(1212, 'Add Book', 60),
(1213, 'Add Book', 60),
(1214, 'Add Book', 60),
(1215, 'Add Book', 60),
(1216, 'Add Book', 60),
(1217, 'Add Book', 60),
(1218, 'Add Book', 60),
(1219, 'Add Book', 60),
(1220, 'Add Book', 60),
(1221, 'Add Book', 60),
(1222, 'Add Book', 60),
(1223, 'Add Book', 60),
(1224, 'Add Book', 60),
(1225, 'Add Book', 60),
(1226, 'Search and Edit Book', 60),
(1227, 'Borrow', 60),
(1228, 'Borrow', 60),
(1229, 'Return', 60),
(1230, 'Return', 60),
(1231, 'Penalty', 60),
(1232, 'Add User', 60),
(1233, 'Search and Edit User', 60),
(1234, 'Change Password', 60),
(1235, 'Add Book', 60),
(1236, 'Search and Edit Book', 60),
(1237, 'View Unreturned Books', 60),
(1238, 'Search and Edit Suspension', 60),
(1239, 'Add Suspension', 60),
(1240, 'Add Suspension', 60),
(1241, 'Add Suspension', 60),
(1242, 'Search and Edit Suspension', 60),
(1243, 'Borrow', 60),
(1244, 'Return', 60),
(1245, 'Borrow', 60),
(1246, 'Penalty', 60),
(1247, 'Penalty', 60),
(1248, 'Penalty', 60),
(1249, 'home', 61),
(1250, 'Home', 61),
(1251, 'View User Logs', 61),
(1252, 'Add User', 61),
(1253, 'Search and Edit User', 61),
(1254, 'Add User', 61),
(1255, 'Search and Edit User', 61),
(1256, 'Change Password', 61),
(1257, 'Add Book', 61),
(1258, 'Search and Edit Book', 61),
(1259, 'View Unreturned Books', 61),
(1260, 'Add Suspension', 61),
(1261, 'Search and Edit Suspension', 61),
(1262, 'Add Suspension', 61),
(1263, 'Return', 61),
(1264, 'Borrow', 61),
(1265, 'Reserve', 61),
(1266, 'View User Logs', 61),
(1267, 'Reports', 61),
(1268, 'View User Logs', 61),
(1269, 'Reports', 61),
(1270, 'Reports', 61),
(1271, 'Reports', 61),
(1272, 'Reports', 61),
(1273, 'Reports', 61),
(1274, 'home', 62),
(1275, 'Home', 62),
(1276, 'home', 63),
(1277, 'Home', 63),
(1278, 'Add User', 63),
(1279, 'Search and Edit User', 63),
(1280, 'Search and Edit User', 63),
(1281, 'Search and Edit User', 63),
(1282, 'Search and Edit User', 63),
(1283, 'Search and Edit User', 63),
(1284, 'Search and Edit User', 63),
(1285, 'Search and Edit User', 63),
(1286, 'Reports', 63),
(1287, 'Reports', 63),
(1288, 'View User Logs', 63),
(1289, 'Reserve', 63),
(1290, 'Search and Edit Book', 63),
(1291, 'Search and Edit Book', 63),
(1292, 'Search and Edit Book', 63),
(1293, 'Search and Edit Book', 63),
(1294, 'Add Book', 63),
(1295, 'Add Book', 63),
(1296, 'Add Book', 63),
(1297, 'Add Book', 63),
(1298, 'Add Book', 63),
(1299, 'Search and Edit Book', 63),
(1300, 'View Unreturned Books', 63),
(1301, 'Reports', 63),
(1302, 'Reports', 63),
(1303, 'home', 64),
(1304, 'Home', 64),
(1305, 'Search and Edit Book', 64),
(1306, 'Search and Edit User', 64),
(1307, 'Search and Edit User', 64),
(1308, 'Search and Edit User', 64),
(1309, 'Search and Edit User', 64),
(1310, 'Search and Edit User', 64),
(1311, 'Search and Edit User', 64),
(1312, 'Search and Edit User', 64),
(1313, 'Search and Edit User', 64),
(1314, 'Search and Edit User', 64),
(1315, 'Change Password', 64),
(1316, 'Search and Edit User', 64),
(1317, 'Add Book', 64),
(1318, 'Search and Edit Book', 64),
(1319, 'Add User', 64),
(1320, 'Search and Edit User', 64),
(1321, 'Search and Edit User', 64),
(1322, 'Search and Edit User', 64),
(1323, 'Search and Edit User', 64),
(1324, 'Search and Edit User', 64),
(1325, 'Search and Edit User', 64),
(1326, 'Search and Edit User', 64),
(1327, 'Search and Edit Book', 64),
(1328, 'Search and Edit Book', 64),
(1329, 'Search and Edit Book', 64),
(1330, 'Search and Edit Book', 64),
(1331, 'Search and Edit Book', 64),
(1332, 'Search and Edit Book', 64),
(1333, 'Search and Edit Book', 64),
(1334, 'Search and Edit Book', 64),
(1335, 'Search and Edit User', 64),
(1336, 'Search and Edit Book', 64),
(1337, 'Search and Edit Book', 64),
(1338, 'Search and Edit Book', 64),
(1339, 'Search and Edit Book', 64),
(1340, 'Search and Edit Book', 64),
(1341, 'Search and Edit Book', 64),
(1342, 'Search and Edit Book', 64),
(1343, 'Search and Edit Book', 64),
(1344, 'Search and Edit Book', 64),
(1345, 'Search and Edit Book', 64),
(1346, 'Search and Edit Book', 64),
(1347, 'View Unreturned Books', 64),
(1348, 'Add Suspension', 64),
(1349, 'Search and Edit Suspension', 64),
(1350, 'Add Suspension', 64),
(1351, 'Add Suspension', 64),
(1352, 'Return', 64),
(1353, 'Borrow', 64),
(1354, 'Return', 64),
(1355, 'Search and Edit Book', 64),
(1356, 'Add User', 64),
(1357, 'Add User', 64),
(1358, 'Add User', 64),
(1359, 'Add User', 64),
(1360, 'Add User', 64),
(1361, 'Add User', 64),
(1362, 'Add User', 64),
(1363, 'Add User', 64),
(1364, 'Add User', 64),
(1365, 'Add User', 64),
(1366, 'Add User', 64),
(1367, 'Add User', 64),
(1368, 'Add User', 64),
(1369, 'Add User', 64),
(1370, 'Add User', 64),
(1371, 'Add User', 64),
(1372, 'Add User', 64),
(1373, 'Add User', 64),
(1374, 'Add User', 64),
(1375, 'Change Password', 64),
(1376, 'Search and Edit User', 64),
(1377, 'Add Suspension', 64),
(1378, 'Search and Edit Book', 64),
(1379, 'Search and Edit Book', 64),
(1380, 'Add User', 64),
(1381, 'Search and Edit User', 64),
(1382, 'Search and Edit User', 64),
(1383, 'Search and Edit User', 64),
(1384, 'Search and Edit User', 64),
(1385, 'Search and Edit User', 64),
(1386, 'Search and Edit User', 64),
(1387, 'Search and Edit User', 64),
(1388, 'Search and Edit User', 64),
(1389, 'Search and Edit User', 64),
(1390, 'Search and Edit User', 64),
(1391, 'Search and Edit User', 64),
(1392, 'Search and Edit User', 64),
(1393, 'Search and Edit User', 64),
(1394, 'Search and Edit User', 64),
(1395, 'Search and Edit User', 64),
(1396, 'Search and Edit User', 64),
(1397, 'Search and Edit User', 64),
(1398, 'Search and Edit User', 64),
(1399, 'Search and Edit User', 64),
(1400, 'Search and Edit User', 64),
(1401, 'Search and Edit User', 64),
(1402, 'Search and Edit User', 64),
(1403, 'Search and Edit User', 64),
(1404, 'Search and Edit User', 64),
(1405, 'Search and Edit User', 64),
(1406, 'Search and Edit User', 64),
(1407, 'Search and Edit User', 64),
(1408, 'Search and Edit User', 64),
(1409, 'Search and Edit User', 64),
(1410, 'Search and Edit User', 64),
(1411, 'Search and Edit User', 64),
(1412, 'Search and Edit User', 64),
(1413, 'Search and Edit User', 64),
(1414, 'Search and Edit User', 64),
(1415, 'Search and Edit User', 64),
(1416, 'Search and Edit User', 64),
(1417, 'Add User', 64),
(1418, 'Add Book', 64),
(1419, 'Add Book', 64),
(1420, 'Add Book', 64),
(1421, 'home', 65),
(1422, 'Home', 65),
(1423, 'Home', 65),
(1424, 'Search and Edit User', 65),
(1425, 'Add Book', 65),
(1426, 'Search and Edit Book', 65),
(1427, 'Search and Edit Book', 65),
(1428, 'View Unreturned Books', 65),
(1429, 'Search and Edit Holiday', 65),
(1430, 'Borrow', 65),
(1431, 'Return', 65),
(1432, 'Reserve', 65),
(1433, 'Reports', 65),
(1434, 'Home', 65),
(1435, 'Search and Edit Book', 65),
(1436, 'Search and Edit Book', 65),
(1437, 'Search and Edit Book', 65),
(1438, 'Search and Edit Book', 65),
(1439, 'Search and Edit Book', 65),
(1440, 'home', 66),
(1441, 'Home', 66),
(1442, 'Search and Edit User', 66),
(1443, 'Search and Edit User', 66),
(1444, 'Search and Edit User', 66),
(1445, 'Search and Edit User', 66),
(1446, 'Search and Edit User', 66),
(1447, 'Search and Edit User', 66),
(1448, 'Search and Edit User', 66),
(1449, 'Search and Edit User', 66),
(1450, 'Search and Edit User', 66),
(1451, 'Search and Edit User', 66),
(1452, 'Search and Edit User', 66),
(1453, 'Search and Edit User', 66),
(1454, 'Search and Edit User', 66),
(1455, 'Search and Edit User', 66),
(1456, 'Search and Edit User', 66),
(1457, 'Search and Edit User', 66),
(1458, 'Change Password', 66),
(1459, 'Add Book', 66),
(1460, 'View User Logs', 66),
(1461, 'Search and Edit Suspension', 66),
(1462, 'Search and Edit Suspension', 66),
(1463, 'Search and Edit Suspension', 66),
(1464, 'Search and Edit Suspension', 66),
(1465, 'Search and Edit Suspension', 66),
(1466, 'Search and Edit Suspension', 66),
(1467, 'Search and Edit Suspension', 66),
(1468, 'Add Suspension', 66),
(1469, 'Add User', 66),
(1470, 'Add User', 66),
(1471, 'Add User', 66),
(1472, 'Add User', 66),
(1473, 'Add User', 66),
(1474, 'Add User', 66),
(1475, 'Add User', 66),
(1476, 'Search and Edit User', 66),
(1477, 'Search and Edit User', 66),
(1478, 'Search and Edit User', 66),
(1479, 'Search and Edit User', 66),
(1480, 'Search and Edit User', 66),
(1481, 'Search and Edit User', 66),
(1482, 'Search and Edit User', 66),
(1483, 'home', 67),
(1484, 'Home', 67),
(1485, 'Search and Edit User', 67),
(1486, 'Add User', 67),
(1487, 'Search and Edit Book', 67),
(1488, 'Search and Edit Book', 67),
(1489, 'Search and Edit Book', 67),
(1490, 'Search and Edit Book', 67),
(1491, 'Search and Edit Book', 67),
(1492, 'Search and Edit Book', 67),
(1493, 'Search and Edit Book', 67),
(1494, 'Search and Edit Book', 67),
(1495, 'Search and Edit Book', 67),
(1496, 'Search and Edit Book', 67),
(1497, 'Search and Edit Book', 67),
(1498, 'home', 68),
(1499, 'Home', 68),
(1500, 'Home', 68),
(1501, 'Home', 68),
(1502, 'Home', 68),
(1503, 'Borrow', 68),
(1504, 'Borrow', 68),
(1505, 'Borrow', 68),
(1506, 'Borrow', 68),
(1507, 'Add Book', 68),
(1508, 'Add Book', 68),
(1509, 'Home', 68),
(1510, 'Search and Edit Book', 68),
(1511, 'Add Book', 68),
(1512, 'View Unreturned Books', 68),
(1513, 'View Unreturned Books', 68),
(1514, 'View Unreturned Books', 68),
(1515, 'View Unreturned Books', 68),
(1516, 'Add User', 68),
(1517, 'Search and Edit User', 68),
(1518, 'Add User', 68),
(1519, 'Add User', 68),
(1520, 'Add User', 68),
(1521, 'Add User', 68),
(1522, 'Add User', 68),
(1523, 'Add User', 68),
(1524, 'Add User', 68),
(1525, 'Add User', 68),
(1526, 'Add User', 68),
(1527, 'Add User', 68),
(1528, 'Add User', 68),
(1529, 'Add User', 68),
(1530, 'Add User', 68),
(1531, 'Add User', 68),
(1532, 'Add User', 68),
(1533, 'Add User', 68),
(1534, 'Add User', 68),
(1535, 'Add User', 68),
(1536, 'Add User', 68),
(1537, 'Add User', 68),
(1538, 'Search and Edit User', 68),
(1539, 'Add User', 68),
(1540, 'Search and Edit User', 68),
(1541, 'Search and Edit User', 68),
(1542, 'Add User', 68),
(1543, 'Search and Edit User', 68),
(1544, 'Add User', 68),
(1545, 'Add User', 68),
(1546, 'Add User', 68),
(1547, 'Search and Edit User', 68),
(1548, 'Add User', 68),
(1549, 'Search and Edit User', 68),
(1550, 'Add User', 68),
(1551, 'Add User', 68),
(1552, 'Add User', 68),
(1553, 'Add User', 68),
(1554, 'Add User', 68),
(1555, 'Add User', 68),
(1556, 'Add User', 68),
(1557, 'Add User', 68),
(1558, 'Add User', 68),
(1559, 'Add User', 68),
(1560, 'Add User', 68),
(1561, 'Add User', 68),
(1562, 'Add User', 68),
(1563, 'Add User', 68),
(1564, 'Add User', 68),
(1565, 'Add User', 68),
(1566, 'Add User', 68),
(1567, 'home', 69),
(1568, 'Home', 69),
(1569, 'Add User', 69),
(1570, 'Add User', 69),
(1571, 'Add User', 69),
(1572, 'Search and Edit User', 69),
(1573, 'Search and Edit User', 69),
(1574, 'Search and Edit User', 69),
(1575, 'Search and Edit User', 69),
(1576, 'Search and Edit User', 69),
(1577, 'Add User', 69),
(1578, 'Add User', 69),
(1579, 'Add User', 69),
(1580, 'Add User', 69),
(1581, 'Add User', 69),
(1582, 'Add Book', 69),
(1583, 'home', 70),
(1584, 'Home', 70),
(1585, 'Add Book', 70),
(1586, 'Add Book Category', 70),
(1587, 'Add Book', 70),
(1588, 'Search and Edit Book', 70),
(1589, 'View Unreturned Books', 70),
(1590, 'Add Book', 70),
(1591, 'Home', 70),
(1592, 'Search and Edit User', 70),
(1593, 'Add User', 70),
(1594, 'Search and Edit User', 70),
(1595, 'home', 71),
(1596, 'Home', 71),
(1597, 'Add User', 71),
(1598, 'Search and Edit User', 71),
(1599, 'Search and Edit User', 71),
(1600, 'Add User', 71),
(1601, 'Add User', 71),
(1602, 'Search and Edit User', 71),
(1603, 'Add User', 71),
(1604, 'Add User', 71),
(1605, 'Add User', 71),
(1606, 'Add User', 71),
(1607, 'Search and Edit User', 71),
(1608, 'Search and Edit User', 71),
(1609, 'Search and Edit User', 71),
(1610, 'Search and Edit User', 71),
(1611, 'Search and Edit User', 71),
(1612, 'Add User', 71),
(1613, 'Add User', 71),
(1614, 'Add User', 71),
(1615, 'Add User', 71),
(1616, 'Add User', 71),
(1617, 'Add User', 71),
(1618, 'Search and Edit User', 71),
(1619, 'Add User', 71),
(1620, 'Add User', 71),
(1621, 'Add User', 71),
(1622, 'Add User', 71),
(1623, 'Add User', 71),
(1624, 'Search and Edit User', 71),
(1625, 'Add User', 71),
(1626, 'Add User', 71),
(1627, 'Add User', 71),
(1628, 'Add User', 71),
(1629, 'Add User', 71),
(1630, 'Add User', 71),
(1631, 'Add User', 71),
(1632, 'Add User', 71),
(1633, 'home', 72),
(1634, 'home', 73),
(1635, 'Home', 73),
(1636, 'Return', 73),
(1637, 'Reserve', 73),
(1638, 'View Unreturned Books', 73),
(1639, 'Return', 73),
(1640, 'Reserve', 73),
(1641, 'home', 74),
(1642, 'home', 75),
(1643, 'Home', 75),
(1644, 'View Unreturned Books', 75),
(1645, 'Reserve', 75),
(1646, 'Return', 75),
(1647, 'View Unreturned Books', 75),
(1648, 'Return', 75),
(1649, 'home', 76),
(1650, 'home', 77),
(1651, 'Home', 77),
(1652, 'Reserve', 77),
(1653, 'Reserve', 77),
(1654, 'Search and Edit Book', 77),
(1655, 'home', 78),
(1656, 'home', 79),
(1657, 'Home', 79),
(1658, 'Search and Edit User', 79),
(1659, 'Add User', 79),
(1660, 'Search and Edit User', 79),
(1661, 'Add User', 79),
(1662, 'home', 80),
(1663, 'Home', 80),
(1664, 'Search and Edit User', 80),
(1665, 'Add User', 80),
(1666, 'Search and Edit User', 80),
(1667, 'Search and Edit User', 80),
(1668, 'Add User', 80),
(1669, 'Change Password', 80),
(1670, 'Change Password', 80),
(1671, 'Search and Edit User', 80),
(1672, 'Change Password', 80),
(1673, 'Search and Edit User', 80),
(1674, 'Borrow', 80),
(1675, 'Return', 80),
(1676, 'Return', 80),
(1677, 'Return', 80),
(1678, 'Penalty', 80),
(1679, 'Add User', 80),
(1680, 'Reports', 80),
(1681, 'View User Logs', 80),
(1682, 'Return', 80),
(1683, 'Add Suspension', 80),
(1684, 'Add Book', 80),
(1685, 'Search and Edit Book', 80),
(1686, 'home', 81),
(1687, 'home', 82),
(1688, 'Home', 82),
(1689, 'Search and Edit Book', 82),
(1690, 'Search and Edit User', 82),
(1691, 'home', 83);

-- --------------------------------------------------------

--
-- Table structure for table `tb_position`
--

CREATE TABLE IF NOT EXISTS `tb_position` (
  `id` int(11) NOT NULL AUTO_INCREMENT,
  `positionn` varchar(250) NOT NULL,
  PRIMARY KEY (`id`)
) ENGINE=InnoDB  DEFAULT CHARSET=latin1 AUTO_INCREMENT=7 ;

--
-- Dumping data for table `tb_position`
--

INSERT INTO `tb_position` (`id`, `positionn`) VALUES
(1, 'Library One'),
(2, 'Library Two'),
(3, 'College'),
(4, 'Senior High School'),
(5, 'Faculty'),
(6, 'Librarian Three');

-- --------------------------------------------------------

--
-- Table structure for table `tb_price`
--

CREATE TABLE IF NOT EXISTS `tb_price` (
  `Price` decimal(10,0) NOT NULL
) ENGINE=InnoDB DEFAULT CHARSET=latin1;

--
-- Dumping data for table `tb_price`
--

INSERT INTO `tb_price` (`Price`) VALUES
('5');

-- --------------------------------------------------------

--
-- Table structure for table `tb_reservation`
--

CREATE TABLE IF NOT EXISTS `tb_reservation` (
  `ReservationID` int(11) NOT NULL AUTO_INCREMENT,
  `BookID` int(11) NOT NULL,
  `BorrowerID` int(11) NOT NULL,
  `DateReserved` date NOT NULL,
  `Status` varchar(30) NOT NULL,
  PRIMARY KEY (`ReservationID`)
) ENGINE=InnoDB  DEFAULT CHARSET=utf8 AUTO_INCREMENT=30 ;

--
-- Dumping data for table `tb_reservation`
--

INSERT INTO `tb_reservation` (`ReservationID`, `BookID`, `BorrowerID`, `DateReserved`, `Status`) VALUES
(10, 13, 3, '2017-02-01', 'Claimed'),
(11, 16, 3, '2017-02-01', 'Claimed'),
(12, 20, 3, '2017-02-01', 'Claimed'),
(13, 13, 3, '2017-02-01', 'Claimed'),
(14, 16, 3, '2017-02-01', 'Claimed'),
(15, 15, 3, '2017-02-01', 'Claimed'),
(16, 17, 3, '2017-02-01', 'Claimed'),
(17, 13, 3, '2017-02-01', 'Claimed'),
(18, 16, 3, '2017-02-01', 'Claimed'),
(19, 20, 3, '2017-02-01', 'Claimed'),
(20, 19, 3, '2017-02-01', 'Claimed'),
(21, 13, 3, '2017-02-01', 'Claimed'),
(22, 22, 2, '2017-02-06', 'Claimed'),
(23, 20, 2, '2017-02-06', 'Claimed'),
(24, 18, 2, '2017-02-06', 'Claimed'),
(25, 19, 2, '2017-02-06', 'Claimed'),
(26, 14, 2, '2017-02-06', 'Claimed'),
(27, 16, 2, '2017-02-06', 'Claimed'),
(28, 20, 2, '2017-02-06', 'Claimed'),
(29, 22, 2, '2017-02-06', 'Claimed');

-- --------------------------------------------------------

--
-- Table structure for table `tb_users`
--

CREATE TABLE IF NOT EXISTS `tb_users` (
  `UserID` int(11) NOT NULL AUTO_INCREMENT,
  `UserName` varchar(250) NOT NULL,
  `Password` varchar(250) NOT NULL,
  `FirstName` varchar(250) NOT NULL,
  `LastName` varchar(250) NOT NULL,
  `Active` int(11) NOT NULL,
  `position` varchar(250) NOT NULL,
  PRIMARY KEY (`UserID`)
) ENGINE=InnoDB  DEFAULT CHARSET=utf8 AUTO_INCREMENT=34 ;

--
-- Dumping data for table `tb_users`
--

INSERT INTO `tb_users` (`UserID`, `UserName`, `Password`, `FirstName`, `LastName`, `Active`, `position`) VALUES
(12, 'UDMLib-20170001', 'UDMLib-20170001', 'Avengers', 'Ultron', 0, ''),
(13, 'UDMLib-20170002', 'UDMLib-20170002', 'Clee', 'Skusta', 0, ''),
(14, 'UDMLib-20170003', 'UDMLib-20170003', 'Sample', 'Test', 0, ''),
(15, 'UDMLib-20170004', 'UDMLib-20170004', 'Bruno', 'Mars', 0, ''),
(16, 'UDMLib-20170005', 'UDMLib-20170005', 'Inigo', 'Pascual', 0, ''),
(17, 'UDMLib-20170006', 'UDMLib-20170006', 'Aurora', 'Reyes', 0, ''),
(18, 'UDMLib-20170007', 'UDMLib-20170007', 'Silver', 'Adam', 0, ''),
(19, 'UDMLib-20170008', 'UDMLib-20170008', 'Angel', 'Cruz', 0, ''),
(20, 'UDMLib-20170009', 'UDMLib-20170009', 'Test', 'Final', 0, ''),
(21, '2017001', '123', 'Ralph', 'Juniosa', 0, 'Librarian One'),
(26, '2017002', '123', 'Jin', 'Kyla', 0, 'Librarian Two'),
(27, 'UDMLib-20170010', 'UDMLib-20170010', 'Daniel', 'Sarabusing', 0, 'Librarian Three'),
(28, 'UDMLib-20170011', 'UDMLib-20170011', 'Jessica', 'Quinto', 0, 'Librarian Four'),
(29, 'UDMLib-20170012', 'UDMLib-20170012', 'Marivic', 'Nav', 0, 'Librarian Five'),
(30, 'UDMLib-20170013', 'UDMLib-20170013', 'Alex', 'Tine', 0, 'Librarian Six'),
(31, 'UDMLib-20170014', 'UDMLib-20170014', 'Luis', 'Manzano', 0, 'Librarian Seven'),
(32, 'UDMLib-20170015', 'UDMLib-20170015', 'Nash', 'Aguaz', 0, 'Librarian Eight'),
(33, '000-20170001', '000-20170001', 'John Kurt', 'Dela Pena', 0, 'Librarian Nine');

-- --------------------------------------------------------

--
-- Table structure for table `temp_borrow`
--

CREATE TABLE IF NOT EXISTS `temp_borrow` (
  `ID` int(11) NOT NULL AUTO_INCREMENT,
  `BarcodeID` varchar(50) NOT NULL,
  `Accession` int(11) NOT NULL,
  PRIMARY KEY (`ID`)
) ENGINE=InnoDB DEFAULT CHARSET=latin1 AUTO_INCREMENT=1 ;

-- --------------------------------------------------------

--
-- Table structure for table `temp_return`
--

CREATE TABLE IF NOT EXISTS `temp_return` (
  `ID` int(11) NOT NULL,
  `BarcodeID` varchar(15) NOT NULL,
  `Accession` int(11) NOT NULL,
  `Penalty` int(11) NOT NULL,
  `Status` varchar(50) NOT NULL,
  PRIMARY KEY (`ID`)
) ENGINE=InnoDB DEFAULT CHARSET=latin1;

-- --------------------------------------------------------

--
-- Table structure for table `transcation`
--

CREATE TABLE IF NOT EXISTS `transcation` (
  `id` int(11) NOT NULL AUTO_INCREMENT,
  `type` varchar(20) NOT NULL,
  PRIMARY KEY (`id`)
) ENGINE=InnoDB  DEFAULT CHARSET=latin1 AUTO_INCREMENT=58 ;

--
-- Dumping data for table `transcation`
--

INSERT INTO `transcation` (`id`, `type`) VALUES
(1, 'borrow'),
(2, 'return'),
(3, 'borrow'),
(4, 'return'),
(5, 'borrow'),
(6, 'return'),
(7, 'borrow'),
(8, 'return'),
(9, 'borrow'),
(10, 'return'),
(11, 'borrow'),
(12, 'return'),
(13, 'borrow'),
(14, 'return'),
(15, 'borrow'),
(16, 'return'),
(17, 'borrow'),
(18, 'return'),
(19, 'borrow'),
(20, 'return'),
(21, 'borrow'),
(22, 'return'),
(23, 'borrow'),
(24, 'borrow'),
(25, 'borrow'),
(26, 'return'),
(27, 'borrow'),
(28, 'borrow'),
(29, 'borrow'),
(30, 'borrow'),
(31, 'return'),
(32, 'borrow'),
(33, 'borrow'),
(34, 'borrow'),
(35, 'borrow'),
(36, 'return'),
(37, 'borrow'),
(38, 'return'),
(39, 'borrow'),
(40, 'return'),
(41, 'borrow'),
(42, 'borrow'),
(43, 'return'),
(44, 'borrow'),
(45, 'borrow'),
(46, 'return'),
(47, 'borrow'),
(48, 'borrow'),
(49, 'borrow'),
(50, 'borrow'),
(51, 'return'),
(52, 'borrow'),
(53, 'borrow'),
(54, 'borrow'),
(55, 'borrow'),
(56, 'return'),
(57, 'return');

/*!40101 SET CHARACTER_SET_CLIENT=@OLD_CHARACTER_SET_CLIENT */;
/*!40101 SET CHARACTER_SET_RESULTS=@OLD_CHARACTER_SET_RESULTS */;
/*!40101 SET COLLATION_CONNECTION=@OLD_COLLATION_CONNECTION */;
